Phase,Module,Prefix,Original Path,Filename
0,A,00A_,D:\MAGIC\inbox\00A_define_folder_structure_READY.py,00A_define_folder_structure_READY.py
0,B,00B_,D:\MAGIC\inbox\00B_env_and_api_key_manager_READY.py,00B_env_and_api_key_manager_READY.py
0,C,00C_,D:\MAGIC\inbox\00C_logging_system_scaffold_READY.py,00C_logging_system_scaffold_READY.py
0,D,00D_,D:\MAGIC\inbox\00D_test_scaffolding_dummy_stubs__READY.py,00D_test_scaffolding_dummy_stubs__READY.py
0,E,00E_,D:\MAGIC\inbox\00E_budget_ceiling_checker_READY.py,00E_budget_ceiling_checker_READY.py
0,F,00F_,D:\MAGIC\inbox\00F_file_naming_conventions_doc_READY.py,00F_file_naming_conventions_doc_READY.py
0,G,00G_,D:\MAGIC\inbox\00G_credential_flow_testing_READY.py,00G_credential_flow_testing_READY.py
0,H,00H_,D:\MAGIC\inbox\00H_config_loader_global_constants_READY.py,00H_config_loader_global_constants_READY.py
0,I,00I_,D:\MAGIC\inbox\00I_readme_project_overview_READY.py,00I_readme_project_overview_READY.py
1,A,01A_,D:\MAGIC\inbox\01A_secure_api_key_storage_READY.py,01A_secure_api_key_storage_READY.py
1,A,01A_,D:\MAGIC\inbox\01A_api_key_validator_READY.py,01A_api_key_validator_READY.py
1,A,01A_,D:\MAGIC\inbox\01A_oauth_consent_setup_checker_READY.py,01A_oauth_consent_setup_checker_READY.py
1,B,01B_,D:\MAGIC\inbox\01B_project_folder_creator_READY.py,01B_project_folder_creator_READY.py
1,B,01B_,D:\MAGIC\inbox\01B_directory_health_checker_READY.py,01B_directory_health_checker_READY.py
1,B,01B_,D:\MAGIC\inbox\01B_auto_cleanup_script_READY.py,01B_auto_cleanup_script_READY.py
1,C,01C_,D:\MAGIC\inbox\01C_test_scaffolds_for_scrapers_READY.py,01C_test_scaffolds_for_scrapers_READY.py
1,C,01C_,D:\MAGIC\inbox\01C_test_scaffolds_for_generators_READY.py,01C_test_scaffolds_for_generators_READY.py
1,C,01C_,D:\MAGIC\inbox\01C_dummy_trigger_runner_READY.py,01C_dummy_trigger_runner_READY.py
1,D,01D_,D:\MAGIC\inbox\01D_central_logging_system_READY.py,01D_central_logging_system_READY.py
1,D,01D_,D:\MAGIC\inbox\01D_log_rotation_archiver_READY.py,01D_log_rotation_archiver_READY.py
1,D,01D_,D:\MAGIC\inbox\01D_log_visualizer_cli_READY.py,01D_log_visualizer_cli_READY.py
1,D,01D_,D:\MAGIC\inbox\01D_error_logging_sink_READY.py,01D_error_logging_sink_READY.py
1,E,01E_,D:\MAGIC\inbox\01E_budget_cap_system_READY.py,01E_budget_cap_system_READY.py
1,E,01E_,D:\MAGIC\inbox\01E_quota_warning_notifier_READY.py,01E_quota_warning_notifier_READY.py
1,E,01E_,D:\MAGIC\inbox\01E_monthly_spend_reporter_READY.py,01E_monthly_spend_reporter_READY.py
1,F,01F_,D:\MAGIC\inbox\01F_sqlite_db_bootstrap_READY.py,01F_sqlite_db_bootstrap_READY.py
1,F,01F_,D:\MAGIC\inbox\01F_db_connection_handler_READY.py,01F_db_connection_handler_READY.py
1,F,01F_,D:\MAGIC\inbox\01F_cloud_sync_optional__READY.py,01F_cloud_sync_optional__READY.py
1,G,01G_,D:\MAGIC\inbox\01G_null_data_detector_READY.py,01G_null_data_detector_READY.py
1,G,01G_,D:\MAGIC\inbox\01G_file_watchdog_READY.py,01G_file_watchdog_READY.py
1,G,01G_,D:\MAGIC\inbox\01G_crash_recovery_snapshot_READY.py,01G_crash_recovery_snapshot_READY.py
1,H,01H_,D:\MAGIC\inbox\01H_schema_validator_READY.py,01H_schema_validator_READY.py
1,H,01H_,D:\MAGIC\inbox\01H_duplicate_entry_remover_READY.py,01H_duplicate_entry_remover_READY.py
1,H,01H_,D:\MAGIC\inbox\01H_column_standardizer_READY.py,01H_column_standardizer_READY.py
1,H,01H_,D:\MAGIC\inbox\01H_sanity_rules_checker_READY.py,01H_sanity_rules_checker_READY.py
1,I,01I_,D:\MAGIC\inbox\01I_startup_validator_cli_READY.py,01I_startup_validator_cli_READY.py
1,I,01I_,D:\MAGIC\inbox\01I_unified_settings_loader_READY.py,01I_unified_settings_loader_READY.py
1,I,01I_,D:\MAGIC\inbox\01I_output_directory_tracker_READY.py,01I_output_directory_tracker_READY.py
1,I,01I_,D:\MAGIC\inbox\01I_readme_setup_verifier_READY.py,01I_readme_setup_verifier_READY.py
2,A,02A_,D:\MAGIC\inbox\02A_google_trends_scraper_READY.py,02A_google_trends_scraper_READY.py
2,A,02A_,D:\MAGIC\inbox\02A_reddit_hot_topics_scraper_READY.py,02A_reddit_hot_topics_scraper_READY.py
2,A,02A_,D:\MAGIC\inbox\02A_youtube_trending_scraper_READY.py,02A_youtube_trending_scraper_READY.py
2,A,02A_,D:\MAGIC\inbox\02A_tiktok_description_scraper_READY.py,02A_tiktok_description_scraper_READY.py
2,A,02A_,D:\MAGIC\inbox\02A_instagram_reels_hashtag_crawler_READY.py,02A_instagram_reels_hashtag_crawler_READY.py
2,A,02A_,D:\MAGIC\inbox\02A_twitter_x_trending_collector_READY.py,02A_twitter_x_trending_collector_READY.py
2,A,02A_,D:\MAGIC\inbox\02A_pinterest_trends_crawler_READY.py,02A_pinterest_trends_crawler_READY.py
2,A,02A_,D:\MAGIC\inbox\02A_quora_trending_topics_READY.py,02A_quora_trending_topics_READY.py
2,A,02A_,D:\MAGIC\inbox\02A_threads_topics_crawler_READY.py,02A_threads_topics_crawler_READY.py
2,A,02A_,D:\MAGIC\inbox\02A_youtube_autocomplete_miner_READY.py,02A_youtube_autocomplete_miner_READY.py
2,B,02B_,D:\MAGIC\inbox\02B_google_trends_api_connector_READY.py,02B_google_trends_api_connector_READY.py
2,B,02B_,D:\MAGIC\inbox\02B_reddit_api_integration_praw__READY.py,02B_reddit_api_integration_praw__READY.py
2,B,02B_,D:\MAGIC\inbox\02B_youtube_data_api_fetcher_READY.py,02B_youtube_data_api_fetcher_READY.py
2,B,02B_,D:\MAGIC\inbox\02B_tiktok_unofficial_api_wrapper_READY.py,02B_tiktok_unofficial_api_wrapper_READY.py
2,B,02B_,D:\MAGIC\inbox\02B_instagram_graph_api_fetcher_READY.py,02B_instagram_graph_api_fetcher_READY.py
2,B,02B_,D:\MAGIC\inbox\02B_pinterest_trends_api_proxy_READY.py,02B_pinterest_trends_api_proxy_READY.py
2,B,02B_,D:\MAGIC\inbox\02B_twitter_x_trends_api_layer_READY.py,02B_twitter_x_trends_api_layer_READY.py
2,B,02B_,D:\MAGIC\inbox\02B_cross_platform_api_normalizer_READY.py,02B_cross_platform_api_normalizer_READY.py
2,C,02C_,D:\MAGIC\inbox\02C_trend_popularity_score_engine_READY.py,02C_trend_popularity_score_engine_READY.py
2,C,02C_,D:\MAGIC\inbox\02C_engagement_velocity_calculator_READY.py,02C_engagement_velocity_calculator_READY.py
2,C,02C_,D:\MAGIC\inbox\02C_cross_platform_trend_combiner_READY.py,02C_cross_platform_trend_combiner_READY.py
2,C,02C_,D:\MAGIC\inbox\02C_niche_relevance_weighting_system_READY.py,02C_niche_relevance_weighting_system_READY.py
2,C,02C_,D:\MAGIC\inbox\02C_trend_longevity_predictor_READY.py,02C_trend_longevity_predictor_READY.py
2,C,02C_,D:\MAGIC\inbox\02C_content_saturation_estimator_READY.py,02C_content_saturation_estimator_READY.py
2,D,02D_,D:\MAGIC\inbox\02D_trend_score_threshold_filter_READY.py,02D_trend_score_threshold_filter_READY.py
2,D,02D_,D:\MAGIC\inbox\02D_banned_keywords_cleaner_READY.py,02D_banned_keywords_cleaner_READY.py
2,D,02D_,D:\MAGIC\inbox\02D_language_region_filter_READY.py,02D_language_region_filter_READY.py
2,D,02D_,D:\MAGIC\inbox\02D_keyword_deduplicator_READY.py,02D_keyword_deduplicator_READY.py
2,D,02D_,D:\MAGIC\inbox\02D_high_variance_trend_detector_READY.py,02D_high_variance_trend_detector_READY.py
2,D,02D_,D:\MAGIC\inbox\02D_competitive_keyword_filter_READY.py,02D_competitive_keyword_filter_READY.py
2,E,02E_,D:\MAGIC\inbox\02E_auto_tag_generator_READY.py,02E_auto_tag_generator_READY.py
2,E,02E_,D:\MAGIC\inbox\02E_niche_classifier_READY.py,02E_niche_classifier_READY.py
2,E,02E_,D:\MAGIC\inbox\02E_trend_intent_categorizer_READY.py,02E_trend_intent_categorizer_READY.py
2,E,02E_,D:\MAGIC\inbox\02E_seo_keyword_pairing_READY.py,02E_seo_keyword_pairing_READY.py
2,E,02E_,D:\MAGIC\inbox\02E_trend_language_detector_READY.py,02E_trend_language_detector_READY.py
2,E,02E_,D:\MAGIC\inbox\02E_format_type_classifier_READY.py,02E_format_type_classifier_READY.py
2,E,02E_,D:\MAGIC\inbox\02E_trend_clarity_ranker_READY.py,02E_trend_clarity_ranker_READY.py
2,E,02E_,D:\MAGIC\inbox\02E_trend_summary_generator_READY.py,02E_trend_summary_generator_READY.py
2,E,02E_,D:\MAGIC\inbox\02E_gpt_trend_explainer_READY.py,02E_gpt_trend_explainer_READY.py
2,F,02F_,D:\MAGIC\inbox\02F_linear_forecasting_engine_READY.py,02F_linear_forecasting_engine_READY.py
2,F,02F_,D:\MAGIC\inbox\02F_anomaly_spike_detector_READY.py,02F_anomaly_spike_detector_READY.py
2,F,02F_,D:\MAGIC\inbox\02F_rolling_window_acceleration_READY.py,02F_rolling_window_acceleration_READY.py
2,F,02F_,D:\MAGIC\inbox\02F_topic_momentum_scaler_READY.py,02F_topic_momentum_scaler_READY.py
2,F,02F_,D:\MAGIC\inbox\02F_plateau_decline_predictor_READY.py,02F_plateau_decline_predictor_READY.py
2,F,02F_,D:\MAGIC\inbox\02F_trend_lifecycle_tagger_READY.py,02F_trend_lifecycle_tagger_READY.py
2,G,02G_,D:\MAGIC\inbox\02G_trends_output_csv_writer_READY.py,02G_trends_output_csv_writer_READY.py
2,G,02G_,D:\MAGIC\inbox\02G_sqlite_trend_inserter_READY.py,02G_sqlite_trend_inserter_READY.py
2,G,02G_,D:\MAGIC\inbox\02G_dashboard_trend_router_READY.py,02G_dashboard_trend_router_READY.py
2,G,02G_,D:\MAGIC\inbox\02G_trend_json_exporter_for_api__READY.py,02G_trend_json_exporter_for_api__READY.py
2,G,02G_,D:\MAGIC\inbox\02G_visual_tags_for_dashboard_READY.py,02G_visual_tags_for_dashboard_READY.py
2,H,02H_,D:\MAGIC\inbox\02H_push_viral_trends_to_scribe_agent_READY.py,02H_push_viral_trends_to_scribe_agent_READY.py
2,H,02H_,D:\MAGIC\inbox\02H_push_monetized_trend_roi_to_midas_READY.py,02H_push_monetized_trend_roi_to_midas_READY.py
2,H,02H_,D:\MAGIC\inbox\02H_trend_archive_to_feedback_layer_READY.py,02H_trend_archive_to_feedback_layer_READY.py
2,H,02H_,D:\MAGIC\inbox\02H_trend_burnout_feedback_to_scribe_READY.py,02H_trend_burnout_feedback_to_scribe_READY.py
2,H,02H_,D:\MAGIC\inbox\02H_trend_alert_trigger_to_orchestrator_READY.py,02H_trend_alert_trigger_to_orchestrator_READY.py
3,A,03A_,D:\MAGIC\inbox\03A_trend_to_script_generator_READY.py,03A_trend_to_script_generator_READY.py
3,A,03A_,D:\MAGIC\inbox\03A_viral_hook_generator_READY.py,03A_viral_hook_generator_READY.py
3,A,03A_,D:\MAGIC\inbox\03A_tweet_thread_writer_READY.py,03A_tweet_thread_writer_READY.py
3,A,03A_,D:\MAGIC\inbox\03A_carousel_caption_writer_READY.py,03A_carousel_caption_writer_READY.py
3,A,03A_,D:\MAGIC\inbox\03A_cta_inserter_READY.py,03A_cta_inserter_READY.py
3,A,03A_,D:\MAGIC\inbox\03A_youtube_script_generator_READY.py,03A_youtube_script_generator_READY.py
3,A,03A_,D:\MAGIC\inbox\03A_instagram_reel_script_generator_READY.py,03A_instagram_reel_script_generator_READY.py
3,A,03A_,D:\MAGIC\inbox\03A_tiktok_hook_script_generator_READY.py,03A_tiktok_hook_script_generator_READY.py
3,A,03A_,D:\MAGIC\inbox\03A_blog_article_writer_READY.py,03A_blog_article_writer_READY.py
3,A,03A_,D:\MAGIC\inbox\03A_hook_optimizer_READY.py,03A_hook_optimizer_READY.py
3,A,03A_,D:\MAGIC\inbox\03A_call_to_action_generator_READY.py,03A_call_to_action_generator_READY.py
3,A,03A_,D:\MAGIC\inbox\03A_urgency_enhancer_READY.py,03A_urgency_enhancer_READY.py
3,A,03A_,D:\MAGIC\inbox\03A_repeat_view_encourager_READY.py,03A_repeat_view_encourager_READY.py
3,A,03A_,D:\MAGIC\inbox\03A_persona_matching_engine_READY.py,03A_persona_matching_engine_READY.py
3,A,03A_,D:\MAGIC\inbox\03A_longform_to_shortform_rewriter_READY.py,03A_longform_to_shortform_rewriter_READY.py
3,A,03A_,D:\MAGIC\inbox\03A_platform_adaptive_rewriter_READY.py,03A_platform_adaptive_rewriter_READY.py
3,A,03A_,D:\MAGIC\inbox\03A_translation_localization_READY.py,03A_translation_localization_READY.py
3,A,03A_,D:\MAGIC\inbox\03A_outline_generator_READY.py,03A_outline_generator_READY.py
3,A,03A_,D:\MAGIC\inbox\03A_bullet_point_expander_READY.py,03A_bullet_point_expander_READY.py
3,B,03B_,D:\MAGIC\inbox\03B_platform_tone_adapter_READY.py,03B_platform_tone_adapter_READY.py
3,B,03B_,D:\MAGIC\inbox\03B_persona_voice_switcher_READY.py,03B_persona_voice_switcher_READY.py
3,B,03B_,D:\MAGIC\inbox\03B_formality_controller_READY.py,03B_formality_controller_READY.py
3,B,03B_,D:\MAGIC\inbox\03B_word_count_optimizer_READY.py,03B_word_count_optimizer_READY.py
3,C,03C_,D:\MAGIC\inbox\03C_outline_generator_READY.py,03C_outline_generator_READY.py
3,C,03C_,D:\MAGIC\inbox\03C_idea_expander_READY.py,03C_idea_expander_READY.py
3,C,03C_,D:\MAGIC\inbox\03C_shortform_repurposer_READY.py,03C_shortform_repurposer_READY.py
3,D,03D_,D:\MAGIC\inbox\03D_metaphor_analogy_inserter_READY.py,03D_metaphor_analogy_inserter_READY.py
3,D,03D_,D:\MAGIC\inbox\03D_emotion_booster_READY.py,03D_emotion_booster_READY.py
3,D,03D_,D:\MAGIC\inbox\03D_retention_enhancer_READY.py,03D_retention_enhancer_READY.py
3,E,03E_,D:\MAGIC\inbox\03E_feedback_rewriter_READY.py,03E_feedback_rewriter_READY.py
3,E,03E_,D:\MAGIC\inbox\03E_title_roi_tuner_READY.py,03E_title_roi_tuner_READY.py
3,E,03E_,D:\MAGIC\inbox\03E_prompt_improver_READY.py,03E_prompt_improver_READY.py
3,E,03E_,D:\MAGIC\inbox\03E_cross__script_ranker_READY.py,03E_cross__script_ranker_READY.py
3,F,03F_,D:\MAGIC\inbox\03F_script_formatter_READY.py,03F_script_formatter_READY.py
3,F,03F_,D:\MAGIC\inbox\03F_save_to_notion_READY.py,03F_save_to_notion_READY.py
3,F,03F_,D:\MAGIC\inbox\03F_save_to_local_cloud_READY.py,03F_save_to_local_cloud_READY.py
3,G,03G_,D:\MAGIC\inbox\03G_persona_voice_switcher_READY.py,03G_persona_voice_switcher_READY.py
3,G,03G_,D:\MAGIC\inbox\03G_platform_adaptive_rewriter_READY.py,03G_platform_adaptive_rewriter_READY.py
3,G,03G_,D:\MAGIC\inbox\03G_formality_controller_READY.py,03G_formality_controller_READY.py
3,G,03G_,D:\MAGIC\inbox\03G_script_trimmer_READY.py,03G_script_trimmer_READY.py
3,G,03G_,D:\MAGIC\inbox\03G_multi_language_translator_READY.py,03G_multi_language_translator_READY.py
3,H,03H_,D:\MAGIC\inbox\03H_content_prompt_archiver_READY.py,03H_content_prompt_archiver_READY.py
3,H,03H_,D:\MAGIC\inbox\03H_script_archive_index_READY.py,03H_script_archive_index_READY.py
3,H,03H_,D:\MAGIC\inbox\03H_generation_log_tracker_READY.py,03H_generation_log_tracker_READY.py
3,H,03H_,D:\MAGIC\inbox\03H_content_uniqueness_checker_READY.py,03H_content_uniqueness_checker_READY.py
3,H,03H_,D:\MAGIC\inbox\03H_human_review_toggle_READY.py,03H_human_review_toggle_READY.py
3,I,03I_,D:\MAGIC\inbox\03I_scribe_controller_READY.py,03I_scribe_controller_READY.py
3,I,03I_,D:\MAGIC\inbox\03I_human_in_the_loop_approval_READY.py,03I_human_in_the_loop_approval_READY.py
3,I,03I_,D:\MAGIC\inbox\03I_prompt_caching_system_READY.py,03I_prompt_caching_system_READY.py
4,A,04A_,D:\MAGIC\inbox\04A_trend_data_dashboard_READY.py,04A_trend_data_dashboard_READY.py
4,A,04A_,D:\MAGIC\inbox\04A_trending_roi_visualizer_READY.py,04A_trending_roi_visualizer_READY.py
4,A,04A_,D:\MAGIC\inbox\04A_anomaly_spike_timeline_READY.py,04A_anomaly_spike_timeline_READY.py
4,B,04B_,D:\MAGIC\inbox\04B_content_metrics_dashboard_READY.py,04B_content_metrics_dashboard_READY.py
4,B,04B_,D:\MAGIC\inbox\04B_lifecycle_heatmap_READY.py,04B_lifecycle_heatmap_READY.py
4,B,04B_,D:\MAGIC\inbox\04B_conversion_funnel_view_READY.py,04B_conversion_funnel_view_READY.py
4,B,04B_,D:\MAGIC\inbox\04B_affiliate_performance_panel_READY.py,04B_affiliate_performance_panel_READY.py
4,B,04B_,D:\MAGIC\inbox\04B_a_b_test_engagement_graph_READY.py,04B_a_b_test_engagement_graph_READY.py
4,B,04B_,D:\MAGIC\inbox\04B_funnel_drop_off_visualizer_READY.py,04B_funnel_drop_off_visualizer_READY.py
4,C,04C_,D:\MAGIC\inbox\04C_api_quota_usage_chart_READY.py,04C_api_quota_usage_chart_READY.py
4,C,04C_,D:\MAGIC\inbox\04C_budget_tracker_panel_READY.py,04C_budget_tracker_panel_READY.py
4,C,04C_,D:\MAGIC\inbox\04C_cost_per_output_breakdown_READY.py,04C_cost_per_output_breakdown_READY.py
4,D,04D_,D:\MAGIC\inbox\04D_error_log_viewer_READY.py,04D_error_log_viewer_READY.py
4,D,04D_,D:\MAGIC\inbox\04D_retry_queue_monitor_READY.py,04D_retry_queue_monitor_READY.py
4,D,04D_,D:\MAGIC\inbox\04D_execution_timeline_chart_READY.py,04D_execution_timeline_chart_READY.py
4,D,04D_,D:\MAGIC\inbox\04D_system_status_panel_READY.py,04D_system_status_panel_READY.py
4,D,04D_,D:\MAGIC\inbox\04D_retry_execution_gantt_chart_READY.py,04D_retry_execution_gantt_chart_READY.py
4,D,04D_,D:\MAGIC\inbox\04D_error_category_breakdown_READY.py,04D_error_category_breakdown_READY.py
4,E,04E_,D:\MAGIC\inbox\04E_human_override_toggles_READY.py,04E_human_override_toggles_READY.py
4,E,04E_,D:\MAGIC\inbox\04E_script_rescheduler_ui_READY.py,04E_script_rescheduler_ui_READY.py
4,E,04E_,D:\MAGIC\inbox\04E_manual_content_editor_READY.py,04E_manual_content_editor_READY.py
4,E,04E_,D:\MAGIC\inbox\04E_script_preview_panel_READY.py,04E_script_preview_panel_READY.py
5,A,05A_,D:\MAGIC\inbox\05A_script_to_voiceover_READY.py,05A_script_to_voiceover_READY.py
5,A,05A_,D:\MAGIC\inbox\05A_voice_style_matcher_READY.py,05A_voice_style_matcher_READY.py
5,A,05A_,D:\MAGIC\inbox\05A_dynamic_voice_variation_READY.py,05A_dynamic_voice_variation_READY.py
5,A,05A_,D:\MAGIC\inbox\05A_elevenlabs_voiceover_generator_READY.py,05A_elevenlabs_voiceover_generator_READY.py
5,A,05A_,D:\MAGIC\inbox\05A_multilingual_voiceover_READY.py,05A_multilingual_voiceover_READY.py
5,A,05A_,D:\MAGIC\inbox\05A_voice_tone_emotion_controller_READY.py,05A_voice_tone_emotion_controller_READY.py
5,A,05A_,D:\MAGIC\inbox\05A_voiceover_sync_logger_READY.py,05A_voiceover_sync_logger_READY.py
5,A,05A_,D:\MAGIC\inbox\05A_audio_enhancer_cleaner_READY.py,05A_audio_enhancer_cleaner_READY.py
5,A,05A_,D:\MAGIC\inbox\05A_ai_voice_dubbing_translator_READY.py,05A_ai_voice_dubbing_translator_READY.py
5,A,05A_,D:\MAGIC\inbox\05A_breath_pause_cleaner_READY.py,05A_breath_pause_cleaner_READY.py
5,A,05A_,D:\MAGIC\inbox\05A_emotion_detector_logger_READY.py,05A_emotion_detector_logger_READY.py
5,B,05B_,D:\MAGIC\inbox\05B_script_to_storyboard_READY.py,05B_script_to_storyboard_READY.py
5,B,05B_,D:\MAGIC\inbox\05B_ai_scene_generator_READY.py,05B_ai_scene_generator_READY.py
5,B,05B_,D:\MAGIC\inbox\05B_b_roll_injector_READY.py,05B_b_roll_injector_READY.py
5,B,05B_,D:\MAGIC\inbox\05B_emotion_sync_marker_READY.py,05B_emotion_sync_marker_READY.py
5,B,05B_,D:\MAGIC\inbox\05B_voice_video_stitcher_READY.py,05B_voice_video_stitcher_READY.py
5,B,05B_,D:\MAGIC\inbox\05B_scene_mapper_from_script_READY.py,05B_scene_mapper_from_script_READY.py
5,B,05B_,D:\MAGIC\inbox\05B_background_music_layer_READY.py,05B_background_music_layer_READY.py
5,B,05B_,D:\MAGIC\inbox\05B_video_cropper_by_platform_READY.py,05B_video_cropper_by_platform_READY.py
5,B,05B_,D:\MAGIC\inbox\05B_multi_format_exporter_READY.py,05B_multi_format_exporter_READY.py
5,B,05B_,D:\MAGIC\inbox\05B_ai_scene_transition_engine_READY.py,05B_ai_scene_transition_engine_READY.py
5,B,05B_,D:\MAGIC\inbox\05B_script_driven_video_editor_READY.py,05B_script_driven_video_editor_READY.py
5,B,05B_,D:\MAGIC\inbox\05B_aspect_ratio_corrector_READY.py,05B_aspect_ratio_corrector_READY.py
5,C,05C_,D:\MAGIC\inbox\05C_thumbnail_generator_READY.py,05C_thumbnail_generator_READY.py
5,C,05C_,D:\MAGIC\inbox\05C_hero_blog_image_generator_READY.py,05C_hero_blog_image_generator_READY.py
5,C,05C_,D:\MAGIC\inbox\05C_inline_blog_visuals_READY.py,05C_inline_blog_visuals_READY.py
5,C,05C_,D:\MAGIC\inbox\05C_caption_subtitle_generator_READY.py,05C_caption_subtitle_generator_READY.py
5,C,05C_,D:\MAGIC\inbox\05C_accessibility_metadata_READY.py,05C_accessibility_metadata_READY.py
5,C,05C_,D:\MAGIC\inbox\05C_brand_visual_style_enforcer_READY.py,05C_brand_visual_style_enforcer_READY.py
5,C,05C_,D:\MAGIC\inbox\05C_dynamic_text_overlay_generator_READY.py,05C_dynamic_text_overlay_generator_READY.py
5,C,05C_,D:\MAGIC\inbox\05C_intro_outro_auto_adder_READY.py,05C_intro_outro_auto_adder_READY.py
5,D,05D_,D:\MAGIC\inbox\05D_voice_image_syncer_READY.py,05D_voice_image_syncer_READY.py
5,D,05D_,D:\MAGIC\inbox\05D_auto_caption_embedder_READY.py,05D_auto_caption_embedder_READY.py
5,D,05D_,D:\MAGIC\inbox\05D_branded_overlay_adder_READY.py,05D_branded_overlay_adder_READY.py
5,D,05D_,D:\MAGIC\inbox\05D_pacing_and_cut_optimizer_READY.py,05D_pacing_and_cut_optimizer_READY.py
5,E,05E_,D:\MAGIC\inbox\05E_final_video_renderer_READY.py,05E_final_video_renderer_READY.py
5,E,05E_,D:\MAGIC\inbox\05E_render_status_tracker_READY.py,05E_render_status_tracker_READY.py
5,E,05E_,D:\MAGIC\inbox\05E_output_quality_checker_READY.py,05E_output_quality_checker_READY.py
5,E,05E_,D:\MAGIC\inbox\05E_pre_publish_review_panel_READY.py,05E_pre_publish_review_panel_READY.py
5,F,05F_,D:\MAGIC\inbox\05F_hook_variants_generator_READY.py,05F_hook_variants_generator_READY.py
5,F,05F_,D:\MAGIC\inbox\05F_multi_format_video_exporter_READY.py,05F_multi_format_video_exporter_READY.py
5,F,05F_,D:\MAGIC\inbox\05F_script_reuse_suggester_READY.py,05F_script_reuse_suggester_READY.py
5,D,05D_,D:\MAGIC\inbox\05D_video_to_blog_converter_READY.py,05D_video_to_blog_converter_READY.py
5,D,05D_,D:\MAGIC\inbox\05D_blog_to_video_ready_builder_READY.py,05D_blog_to_video_ready_builder_READY.py
5,D,05D_,D:\MAGIC\inbox\05D_repurpose_engine_READY.py,05D_repurpose_engine_READY.py
5,D,05D_,D:\MAGIC\inbox\05D_tweet_thread_generator_READY.py,05D_tweet_thread_generator_READY.py
5,D,05D_,D:\MAGIC\inbox\05D_carousel_creator_READY.py,05D_carousel_creator_READY.py
5,D,05D_,D:\MAGIC\inbox\05D_highlight_to_short_extractor_READY.py,05D_highlight_to_short_extractor_READY.py
5,D,05D_,D:\MAGIC\inbox\05D_blog_script_to_infographic_READY.py,05D_blog_script_to_infographic_READY.py
5,D,05D_,D:\MAGIC\inbox\05D_formal_casual_gen_z_rewriter_READY.py,05D_formal_casual_gen_z_rewriter_READY.py
5,G,05G_,D:\MAGIC\inbox\05G_final_storage_router_READY.py,05G_final_storage_router_READY.py
6,A,06A_,D:\MAGIC\inbox\06A_youtube_auto_publisher_READY.py,06A_youtube_auto_publisher_READY.py
6,A,06A_,D:\MAGIC\inbox\06A_tiktok_upload_automator_READY.py,06A_tiktok_upload_automator_READY.py
6,B,06B_,D:\MAGIC\inbox\06B_time_zone_adjuster_READY.py,06B_time_zone_adjuster_READY.py
6,C,06C_,D:\MAGIC\inbox\06C_caption_split_tester_READY.py,06C_caption_split_tester_READY.py
6,C,06C_,D:\MAGIC\inbox\06C_thumbnail_variant_analyzer_READY.py,06C_thumbnail_variant_analyzer_READY.py
6,C,06C_,D:\MAGIC\inbox\06C_hashtag_split_tester_READY.py,06C_hashtag_split_tester_READY.py
6,D,06D_,D:\MAGIC\inbox\06D_auto_delay_retry_handler_READY.py,06D_auto_delay_retry_handler_READY.py
6,E,06E_,D:\MAGIC\inbox\06E_upload_status_monitor_READY.py,06E_upload_status_monitor_READY.py
6,E,06E_,D:\MAGIC\inbox\06E_failed_upload_notifier_READY.py,06E_failed_upload_notifier_READY.py
6,E,06E_,D:\MAGIC\inbox\06E_analytics_ping_logger_READY.py,06E_analytics_ping_logger_READY.py
6,E,06E_,D:\MAGIC\inbox\06E_publish_log_cleaner_READY.py,06E_publish_log_cleaner_READY.py
6,F,06F_,D:\MAGIC\inbox\06F_dry_run_uploader_no_post_mode__READY.py,06F_dry_run_uploader_no_post_mode__READY.py
6,F,06F_,D:\MAGIC\inbox\06F_publish_debug_logger_READY.py,06F_publish_debug_logger_READY.py
6,F,06F_,D:\MAGIC\inbox\06F_safe_mode_toggle_READY.py,06F_safe_mode_toggle_READY.py
6,G,06G_,D:\MAGIC\inbox\06G_kpi_metrics_dashboard_generator_READY.py,06G_kpi_metrics_dashboard_generator_READY.py
6,G,06G_,D:\MAGIC\inbox\06G_export_analytics_to_google_sheets_READY.py,06G_export_analytics_to_google_sheets_READY.py
6,G,06G_,D:\MAGIC\inbox\06G_weekly_report_emailer_READY.py,06G_weekly_report_emailer_READY.py
6,H,06H_,D:\MAGIC\inbox\06H_upload_backup_archiver_READY.py,06H_upload_backup_archiver_READY.py
6,H,06H_,D:\MAGIC\inbox\06H_error_recovery_republishing_READY.py,06H_error_recovery_republishing_READY.py
6,H,06H_,D:\MAGIC\inbox\06H_post_log_syncer_READY.py,06H_post_log_syncer_READY.py
6,H,06H_,D:\MAGIC\inbox\06H_last_successful_upload_marker_READY.py,06H_last_successful_upload_marker_READY.py
6,I,06I_,D:\MAGIC\inbox\06I_upload_audit_logger_READY.py,06I_upload_audit_logger_READY.py
6,I,06I_,D:\MAGIC\inbox\06I_human_oversight_trigger_READY.py,06I_human_oversight_trigger_READY.py
6,J,06J_,D:\MAGIC\inbox\06J_caption_translator_READY.py,06J_caption_translator_READY.py
6,J,06J_,D:\MAGIC\inbox\06J_ada_compliance_validator_READY.py,06J_ada_compliance_validator_READY.py
6,K,06K_,D:\MAGIC\inbox\06K_real_time_spike_detector_READY.py,06K_real_time_spike_detector_READY.py
6,K,06K_,D:\MAGIC\inbox\06K_viewer_retention_analyzer_READY.py,06K_viewer_retention_analyzer_READY.py
6,L,06L_,D:\MAGIC\inbox\06L_analytics_pull_sync_READY.py,06L_analytics_pull_sync_READY.py
6,L,06L_,D:\MAGIC\inbox\06L_upload_cost_logger_READY.py,06L_upload_cost_logger_READY.py
6,M,06M_,D:\MAGIC\inbox\06M_crash_detector_logger_READY.py,06M_crash_detector_logger_READY.py
6,M,06M_,D:\MAGIC\inbox\06M_auto_recover_publish_job_READY.py,06M_auto_recover_publish_job_READY.py
6,N,06N_,D:\MAGIC\inbox\06N_notion_performance_sync_READY.py,06N_notion_performance_sync_READY.py
6,N,06N_,D:\MAGIC\inbox\06N_publish_event_logger_to_notion_READY.py,06N_publish_event_logger_to_notion_READY.py
6,O,06O_,D:\MAGIC\inbox\06O_incoming_webhook_handler_READY.py,06O_incoming_webhook_handler_READY.py
6,O,06O_,D:\MAGIC\inbox\06O_zapier_make_integration_bridge_READY.py,06O_zapier_make_integration_bridge_READY.py
6,P,06P_,D:\MAGIC\inbox\06P_command_line_publisher_READY.py,06P_command_line_publisher_READY.py
6,P,06P_,D:\MAGIC\inbox\06P_core_orchestration_engine_READY.py,06P_core_orchestration_engine_READY.py
6,Q,06Q_,D:\MAGIC\inbox\06Q_auto_summary_of_each_post_READY.py,06Q_auto_summary_of_each_post_READY.py
6,Q,06Q_,D:\MAGIC\inbox\06Q_ctr_engagement_summary_report_READY.py,06Q_ctr_engagement_summary_report_READY.py
6,R,06R_,D:\MAGIC\inbox\06R_load_platform_specific_constraints_READY.py,06R_load_platform_specific_constraints_READY.py
6,R,06R_,D:\MAGIC\inbox\06R_content_policy_compliance_checker_READY.py,06R_content_policy_compliance_checker_READY.py
6,S,06S_,D:\MAGIC\inbox\06S_ai_based_best_time_predictor_READY.py,06S_ai_based_best_time_predictor_READY.py
6,S,06S_,D:\MAGIC\inbox\06S_virality_score_forecaster_READY.py,06S_virality_score_forecaster_READY.py
6,T,06T_,D:\MAGIC\inbox\06T_team_approval_queue_engine_READY.py,06T_team_approval_queue_engine_READY.py
6,T,06T_,D:\MAGIC\inbox\06T_role_based_publishing_permissions_READY.py,06T_role_based_publishing_permissions_READY.py
6,U,06U_,D:\MAGIC\inbox\06U_auto_boost_to_fb_ig_via_ads_api_READY.py,06U_auto_boost_to_fb_ig_via_ads_api_READY.py
6,U,06U_,D:\MAGIC\inbox\06U_promotion_cost_optimizer_READY.py,06U_promotion_cost_optimizer_READY.py
6,V,06V_,D:\MAGIC\inbox\06V_post_roi_analyzer_READY.py,06V_post_roi_analyzer_READY.py
6,V,06V_,D:\MAGIC\inbox\06V_affiliate_revenue_tracker_READY.py,06V_affiliate_revenue_tracker_READY.py
6,W,06W_,D:\MAGIC\inbox\06W_global_emergency_stop_trigger_READY.py,06W_global_emergency_stop_trigger_READY.py
6,W,06W_,D:\MAGIC\inbox\06W_manual_force_post_toggle_READY.py,06W_manual_force_post_toggle_READY.py
6,X,06X_,D:\MAGIC\inbox\06X_copyright_check_engine_READY.py,06X_copyright_check_engine_READY.py
6,X,06X_,D:\MAGIC\inbox\06X_auto_disclosure_caption_appender_READY.py,06X_auto_disclosure_caption_appender_READY.py
6,Y,06Y_,D:\MAGIC\inbox\06Y_upload_to_cloud_backup_READY.py,06Y_upload_to_cloud_backup_READY.py
6,Y,06Y_,D:\MAGIC\inbox\06Y_sync_publish_configs_to_json_READY.py,06Y_sync_publish_configs_to_json_READY.py
6,Z,06Z_,D:\MAGIC\inbox\06Z_revenue_breakdown_by_platform_READY.py,06Z_revenue_breakdown_by_platform_READY.py
6,Z,06Z_,D:\MAGIC\inbox\06Z_profit_forecast_model_READY.py,06Z_profit_forecast_model_READY.py
7,A,07A_,D:\MAGIC\inbox\07A_comment_sentiment_tracker_READY.py,07A_comment_sentiment_tracker_READY.py
7,A,07A_,D:\MAGIC\inbox\07A_comment_alert_trigger_READY.py,07A_comment_alert_trigger_READY.py
7,A,07A_,D:\MAGIC\inbox\07A_faq_extractor_from_comments_READY.py,07A_faq_extractor_from_comments_READY.py
7,B,07B_,D:\MAGIC\inbox\07B_auto_dm_responder_READY.py,07B_auto_dm_responder_READY.py
7,B,07B_,D:\MAGIC\inbox\07B_warm_lead_tagger_READY.py,07B_warm_lead_tagger_READY.py
7,B,07B_,D:\MAGIC\inbox\07B_loyalty_score_engine_READY.py,07B_loyalty_score_engine_READY.py
7,C,07C_,D:\MAGIC\inbox\07C_giveaway_trigger_bot_READY.py,07C_giveaway_trigger_bot_READY.py
7,C,07C_,D:\MAGIC\inbox\07C_milestone_celebration_trigger_READY.py,07C_milestone_celebration_trigger_READY.py
7,C,07C_,D:\MAGIC\inbox\07C_loyalty_badge_distributor_READY.py,07C_loyalty_badge_distributor_READY.py
8,A,08A_,D:\MAGIC\inbox\08A_content_analytics_dashboard_READY.py,08A_content_analytics_dashboard_READY.py
8,A,08A_,D:\MAGIC\inbox\08A_a_b_roi_testing_monitor_READY.py,08A_a_b_roi_testing_monitor_READY.py
8,A,08A_,D:\MAGIC\inbox\08A_performance_decay_detector_READY.py,08A_performance_decay_detector_READY.py
8,B,08B_,D:\MAGIC\inbox\08B_user_reaction_scraper_READY.py,08B_user_reaction_scraper_READY.py
8,B,08B_,D:\MAGIC\inbox\08B_sentiment_scoring_engine_READY.py,08B_sentiment_scoring_engine_READY.py
8,B,08B_,D:\MAGIC\inbox\08B_dropoff_heatmap_visualizer_READY.py,08B_dropoff_heatmap_visualizer_READY.py
8,C,08C_,D:\MAGIC\inbox\08C_traffic_source_breakdown_READY.py,08C_traffic_source_breakdown_READY.py
8,C,08C_,D:\MAGIC\inbox\08C_attribution_scoring_model_READY.py,08C_attribution_scoring_model_READY.py
8,C,08C_,D:\MAGIC\inbox\08C_affiliate_click_tracker_READY.py,08C_affiliate_click_tracker_READY.py
8,D,08D_,D:\MAGIC\inbox\08D_audience_insights_module_READY.py,08D_audience_insights_module_READY.py
8,D,08D_,D:\MAGIC\inbox\08D_funnel_dropout_analyzer_READY.py,08D_funnel_dropout_analyzer_READY.py
8,D,08D_,D:\MAGIC\inbox\08D_retention_cohort_builder_READY.py,08D_retention_cohort_builder_READY.py
8,E,08E_,D:\MAGIC\inbox\08E_feedback_loop_controller_READY.py,08E_feedback_loop_controller_READY.py
8,E,08E_,D:\MAGIC\inbox\08E_ai_learning_updater_READY.py,08E_ai_learning_updater_READY.py
8,E,08E_,D:\MAGIC\inbox\08E_alert_trigger_to_orchestrator_READY.py,08E_alert_trigger_to_orchestrator_READY.py
8,F,08F_,D:\MAGIC\inbox\08F_variant_experiment_queue_READY.py,08F_variant_experiment_queue_READY.py
8,F,08F_,D:\MAGIC\inbox\08F_multivariate_testing_manager_READY.py,08F_multivariate_testing_manager_READY.py
8,F,08F_,D:\MAGIC\inbox\08F_statistical_significance_analyzer_READY.py,08F_statistical_significance_analyzer_READY.py
8,G,08G_,D:\MAGIC\inbox\08G_export_to_notion_workspace_READY.py,08G_export_to_notion_workspace_READY.py
8,G,08G_,D:\MAGIC\inbox\08G_sync_reports_to_google_sheets_READY.py,08G_sync_reports_to_google_sheets_READY.py
8,G,08G_,D:\MAGIC\inbox\08G_weekly_convertkit_email_sync_READY.py,08G_weekly_convertkit_email_sync_READY.py
8,H,08H_,D:\MAGIC\inbox\08H_historical_trend_archive_READY.py,08H_historical_trend_archive_READY.py
8,H,08H_,D:\MAGIC\inbox\08H_week_on_week_performance_delta_READY.py,08H_week_on_week_performance_delta_READY.py
8,H,08H_,D:\MAGIC\inbox\08H_content_version_comparator_READY.py,08H_content_version_comparator_READY.py
8,I,08I_,D:\MAGIC\inbox\08I_metric_spike_alerting_system_READY.py,08I_metric_spike_alerting_system_READY.py
8,I,08I_,D:\MAGIC\inbox\08I_decline_warning_trigger_READY.py,08I_decline_warning_trigger_READY.py
8,I,08I_,D:\MAGIC\inbox\08I_slack_discord_bot_reporter_READY.py,08I_slack_discord_bot_reporter_READY.py
8,J,08J_,D:\MAGIC\inbox\08J_content_recipe_optimizer_READY.py,08J_content_recipe_optimizer_READY.py
8,J,08J_,D:\MAGIC\inbox\08J_audience_clustering_updater_READY.py,08J_audience_clustering_updater_READY.py
8,J,08J_,D:\MAGIC\inbox\08J_ai_model_reward_tuner_READY.py,08J_ai_model_reward_tuner_READY.py
8,K,08K_,D:\MAGIC\inbox\08K_viral_trend_lifespan_predictor_READY.py,08K_viral_trend_lifespan_predictor_READY.py
8,K,08K_,D:\MAGIC\inbox\08K_post_performance_forecaster_READY.py,08K_post_performance_forecaster_READY.py
8,K,08K_,D:\MAGIC\inbox\08K_seasonal_pattern_detector_READY.py,08K_seasonal_pattern_detector_READY.py
8,L,08L_,D:\MAGIC\inbox\08L_update_scribe_generation_prompts_READY.py,08L_update_scribe_generation_prompts_READY.py
8,L,08L_,D:\MAGIC\inbox\08L_recommend_posting_time_updates_READY.py,08L_recommend_posting_time_updates_READY.py
8,L,08L_,D:\MAGIC\inbox\08L_push_thumbnail_insights_to_prism_READY.py,08L_push_thumbnail_insights_to_prism_READY.py
8,M,08M_,D:\MAGIC\inbox\08M_high_converting_keyword_ranker_READY.py,08M_high_converting_keyword_ranker_READY.py
8,M,08M_,D:\MAGIC\inbox\08M_auto_suggest_titles_from_seo_READY.py,08M_auto_suggest_titles_from_seo_READY.py
8,M,08M_,D:\MAGIC\inbox\08M_ctr_drop_keyword_alert_system_READY.py,08M_ctr_drop_keyword_alert_system_READY.py
8,N,08N_,D:\MAGIC\inbox\08N_tiktok_insights_importer_READY.py,08N_tiktok_insights_importer_READY.py
8,N,08N_,D:\MAGIC\inbox\08N_instagram_analytics_sync_READY.py,08N_instagram_analytics_sync_READY.py
8,N,08N_,D:\MAGIC\inbox\08N_youtube_api_feedback_processor_READY.py,08N_youtube_api_feedback_processor_READY.py
8,O,08O_,D:\MAGIC\inbox\08O_profitability_per_content_type_READY.py,08O_profitability_per_content_type_READY.py
8,O,08O_,D:\MAGIC\inbox\08O_funnel_roi_traceback_engine_READY.py,08O_funnel_roi_traceback_engine_READY.py
8,O,08O_,D:\MAGIC\inbox\08O_attribution_override_ai_agent_READY.py,08O_attribution_override_ai_agent_READY.py
8,P,08P_,D:\MAGIC\inbox\08P_update_agent_memory_embeddings_READY.py,08P_update_agent_memory_embeddings_READY.py
8,P,08P_,D:\MAGIC\inbox\08P_tag_high_performance_traits_to_agent_db_READY.py,08P_tag_high_performance_traits_to_agent_db_READY.py
8,P,08P_,D:\MAGIC\inbox\08P_feedback_linked_fine_tuning_triggers_READY.py,08P_feedback_linked_fine_tuning_triggers_READY.py
8,Q,08Q_,D:\MAGIC\inbox\08Q_ga4_integration_READY.py,08Q_ga4_integration_READY.py
8,Q,08Q_,D:\MAGIC\inbox\08Q_hotjar_crazyegg_integration_READY.py,08Q_hotjar_crazyegg_integration_READY.py
8,Q,08Q_,D:\MAGIC\inbox\08Q_youtube_studio_scrape_fallback_READY.py,08Q_youtube_studio_scrape_fallback_READY.py
8,R,08R_,D:\MAGIC\inbox\08R_daily_insight_generator_READY.py,08R_daily_insight_generator_READY.py
8,R,08R_,D:\MAGIC\inbox\08R_weekly_analytics_review_pack_READY.py,08R_weekly_analytics_review_pack_READY.py
8,R,08R_,D:\MAGIC\inbox\08R_monthly_audit_summary_plan_trigger_READY.py,08R_monthly_audit_summary_plan_trigger_READY.py
8,S,08S_,D:\MAGIC\inbox\08S_low_performance_content_autopsy_READY.py,08S_low_performance_content_autopsy_READY.py
8,S,08S_,D:\MAGIC\inbox\08S_rewrite_triggers_based_on_decay_patterns_READY.py,08S_rewrite_triggers_based_on_decay_patterns_READY.py
8,S,08S_,D:\MAGIC\inbox\08S_strategic_republish_recommender_READY.py,08S_strategic_republish_recommender_READY.py
8,T,08T_,D:\MAGIC\inbox\08T_platform_priority_adjuster_READY.py,08T_platform_priority_adjuster_READY.py
8,T,08T_,D:\MAGIC\inbox\08T_cross_platform_format_effectiveness_map_READY.py,08T_cross_platform_format_effectiveness_map_READY.py
8,T,08T_,D:\MAGIC\inbox\08T_budget_reallocation_engine_READY.py,08T_budget_reallocation_engine_READY.py
8,U,08U_,D:\MAGIC\inbox\08U_narrative_summary_generator_READY.py,08U_narrative_summary_generator_READY.py
8,U,08U_,D:\MAGIC\inbox\08U_slide_deck_auto_creator_READY.py,08U_slide_deck_auto_creator_READY.py
8,U,08U_,D:\MAGIC\inbox\08U_insight_to_action_mapping_agent_READY.py,08U_insight_to_action_mapping_agent_READY.py
8,V,08V_,D:\MAGIC\inbox\08V_viral_pattern_recognizer_READY.py,08V_viral_pattern_recognizer_READY.py
8,V,08V_,D:\MAGIC\inbox\08V_topic_fatigue_predictor_READY.py,08V_topic_fatigue_predictor_READY.py
8,V,08V_,D:\MAGIC\inbox\08V_evergreen_content_identifier_READY.py,08V_evergreen_content_identifier_READY.py
8,W,08W_,D:\MAGIC\inbox\08W_revenue_anomaly_detector_READY.py,08W_revenue_anomaly_detector_READY.py
8,W,08W_,D:\MAGIC\inbox\08W_traffic_spike_validation_layer_READY.py,08W_traffic_spike_validation_layer_READY.py
8,W,08W_,D:\MAGIC\inbox\08W_legal_compliance_risk_monitor_READY.py,08W_legal_compliance_risk_monitor_READY.py
8,X,,D:\MAGIC\inbox\08X_week_ahead_content_planner_READY.py,08X_week_ahead_content_planner_READY.py
8,X,08X_,D:\MAGIC\inbox\08X_rpm_forecasting_model_READY.py,08X_rpm_forecasting_model_READY.py
8,X,08X_,D:\MAGIC\inbox\08X_inventory_based_strategy_adjuster_READY.py,08X_inventory_based_strategy_adjuster_READY.py
8,Y,08Y_,D:\MAGIC\inbox\08Y_agent_knowledge_updater_READY.py,08Y_agent_knowledge_updater_READY.py
8,Y,08Y_,D:\MAGIC\inbox\08Y_agent_performance_scoring_system_READY.py,08Y_agent_performance_scoring_system_READY.py
8,Y,08Y_,D:\MAGIC\inbox\08Y_auto_deprecate_outdated_agent_logic_READY.py,08Y_auto_deprecate_outdated_agent_logic_READY.py
8,Z,08Z_,D:\MAGIC\inbox\08Z_insight_memory_compactor_READY.py,08Z_insight_memory_compactor_READY.py
8,Z,08Z_,D:\MAGIC\inbox\08Z_lifespan_tracking_engine_READY.py,08Z_lifespan_tracking_engine_READY.py
8,Z,08Z_,D:\MAGIC\inbox\08Z_analytics_memory_reweighter_READY.py,08Z_analytics_memory_reweighter_READY.py
8,AA,08AA_,D:\MAGIC\inbox\08AA_interactive_insight_explorer_ui__READY.py,08AA_interactive_insight_explorer_ui__READY.py
8,AA,08AA_,D:\MAGIC\inbox\08AA_prompt_to_insight_engine_READY.py,08AA_prompt_to_insight_engine_READY.py
8,AA,08AA_,D:\MAGIC\inbox\08AA_visualization_overlay_for_scribe_nexus_READY.py,08AA_visualization_overlay_for_scribe_nexus_READY.py
8,AB,08AB_,D:\MAGIC\inbox\08AB_sentiment_bias_scanner_READY.py,08AB_sentiment_bias_scanner_READY.py
8,AB,08AB_,D:\MAGIC\inbox\08AB_feedback_hallucination_validator_READY.py,08AB_feedback_hallucination_validator_READY.py
8,AB,08AB_,D:\MAGIC\inbox\08AB_ethics_scoring_for_feedback_driven_actions_READY.py,08AB_ethics_scoring_for_feedback_driven_actions_READY.py
9,A,09A_,D:\MAGIC\inbox\09A_central_script_orchestrator_READY.py,09A_central_script_orchestrator_READY.py
9,A,09A_,D:\MAGIC\inbox\09A_execution_timeline_visualizer_READY.py,09A_execution_timeline_visualizer_READY.py
9,A,09A_,D:\MAGIC\inbox\09A_async_scheduling_engine_READY.py,09A_async_scheduling_engine_READY.py
9,A,09A_,D:\MAGIC\inbox\09A_human_approval_toggles_READY.py,09A_human_approval_toggles_READY.py
9,B,09B_,D:\MAGIC\inbox\09B_api_quota_guard_READY.py,09B_api_quota_guard_READY.py
9,B,09B_,D:\MAGIC\inbox\09B_budget_enforcement_system_READY.py,09B_budget_enforcement_system_READY.py
9,B,09B_,D:\MAGIC\inbox\09B_rate_limiting_adapter_READY.py,09B_rate_limiting_adapter_READY.py
9,B,09B_,D:\MAGIC\inbox\09B_daily_weekly_cost_cap_enforcer_READY.py,09B_daily_weekly_cost_cap_enforcer_READY.py
9,B,09B_,D:\MAGIC\inbox\09B_rolling_cost_caps_READY.py,09B_rolling_cost_caps_READY.py
9,C,09C_,D:\MAGIC\inbox\09C_privacy_compliance_scanner_READY.py,09C_privacy_compliance_scanner_READY.py
9,C,09C_,D:\MAGIC\inbox\09C_compliance_audit_dashboard_READY.py,09C_compliance_audit_dashboard_READY.py
9,C,09C_,D:\MAGIC\inbox\09C_policy_monitoring_system_READY.py,09C_policy_monitoring_system_READY.py
9,C,09C_,D:\MAGIC\inbox\09C_brand_consistency_enforcer_READY.py,09C_brand_consistency_enforcer_READY.py
9,D,09D_,D:\MAGIC\inbox\09D_central_logging_alert_hub_READY.py,09D_central_logging_alert_hub_READY.py
9,D,09D_,D:\MAGIC\inbox\09D_retry_logic_failure_recovery_READY.py,09D_retry_logic_failure_recovery_READY.py
9,D,09D_,D:\MAGIC\inbox\09D_daily_health_check_bot_READY.py,09D_daily_health_check_bot_READY.py
9,D,09D_,D:\MAGIC\inbox\09D_process_crash_detection_READY.py,09D_process_crash_detection_READY.py
9,D,09D_,D:\MAGIC\inbox\09D_versioned_logs_for_debugging_READY.py,09D_versioned_logs_for_debugging_READY.py
9,E,09E_,D:\MAGIC\inbox\09E_load_balancing_manager_READY.py,09E_load_balancing_manager_READY.py
9,E,09E_,D:\MAGIC\inbox\09E_version_control_locking_READY.py,09E_version_control_locking_READY.py
9,E,09E_,D:\MAGIC\inbox\09E_cloud_storage_lifecycle_manager_READY.py,09E_cloud_storage_lifecycle_manager_READY.py
9,E,09E_,D:\MAGIC\inbox\09E_infra_health_monitoring_READY.py,09E_infra_health_monitoring_READY.py
9,E,09E_,D:\MAGIC\inbox\09E_central_credential_vault_READY.py,09E_central_credential_vault_READY.py
9,F,09F_,D:\MAGIC\inbox\09F_api_fallback_handling_READY.py,09F_api_fallback_handling_READY.py
9,F,09F_,D:\MAGIC\inbox\09F_backup_generation_strategy_READY.py,09F_backup_generation_strategy_READY.py
9,F,09F_,D:\MAGIC\inbox\09F_redundant_script_paths_READY.py,09F_redundant_script_paths_READY.py
9,G,09G_,D:\MAGIC\inbox\09G_human_oversight_dashboard_READY.py,09G_human_oversight_dashboard_READY.py
9,G,09G_,D:\MAGIC\inbox\09G_execution_permissions_manager_READY.py,09G_execution_permissions_manager_READY.py
9,G,09G_,D:\MAGIC\inbox\09G_consent_logging_system_READY.py,09G_consent_logging_system_READY.py
9,H,09H_,D:\MAGIC\inbox\09H_ai_ethics_guardrails_READY.py,09H_ai_ethics_guardrails_READY.py
9,H,09H_,D:\MAGIC\inbox\09H_critical_failure_kill_switch_READY.py,09H_critical_failure_kill_switch_READY.py
9,H,09H_,D:\MAGIC\inbox\09H_post_execution_validation_READY.py,09H_post_execution_validation_READY.py
9,I,09I_,D:\MAGIC\inbox\09I_api_gateway_access_handler_READY.py,09I_api_gateway_access_handler_READY.py
9,I,09I_,D:\MAGIC\inbox\09I_remote_trigger_listener_READY.py,09I_remote_trigger_listener_READY.py
9,I,09I_,D:\MAGIC\inbox\09I_slack_discord_notifications_READY.py,09I_slack_discord_notifications_READY.py
9,J,09J_,D:\MAGIC\inbox\09J_dynamic_decision_engine_READY.py,09J_dynamic_decision_engine_READY.py
9,J,09J_,D:\MAGIC\inbox\09J_autonomous_mode_toggle_READY.py,09J_autonomous_mode_toggle_READY.py
9,J,09J_,D:\MAGIC\inbox\09J_ai_self_check_summary_generator_READY.py,09J_ai_self_check_summary_generator_READY.py
9,K,09K_,D:\MAGIC\inbox\09K_cron_time_trigger_support_READY.py,09K_cron_time_trigger_support_READY.py
9,K,09K_,D:\MAGIC\inbox\09K_quiet_hours_enforcement_READY.py,09K_quiet_hours_enforcement_READY.py
9,K,09K_,D:\MAGIC\inbox\09K_run_history_analytics_READY.py,09K_run_history_analytics_READY.py
10,A,10A_,D:\MAGIC\inbox\10A_seo_keyword_engine_READY.py,10A_seo_keyword_engine_READY.py
10,A,10A_,D:\MAGIC\inbox\10A_title_meta_writer_READY.py,10A_title_meta_writer_READY.py
10,A,10A_,D:\MAGIC\inbox\10A_schema_opengraph_inserter_READY.py,10A_schema_opengraph_inserter_READY.py
10,B,10B_,D:\MAGIC\inbox\10B_blog_formatter_publisher_READY.py,10B_blog_formatter_publisher_READY.py
10,B,10B_,D:\MAGIC\inbox\10B_rss_medium_syndicator_READY.py,10B_rss_medium_syndicator_READY.py
10,B,10B_,D:\MAGIC\inbox\10B_evergreen_vs_trending_split_READY.py,10B_evergreen_vs_trending_split_READY.py
10,C,10C_,D:\MAGIC\inbox\10C_backlink_outreach_manager_READY.py,10C_backlink_outreach_manager_READY.py
10,C,10C_,D:\MAGIC\inbox\10C_backlink_tracker_READY.py,10C_backlink_tracker_READY.py
10,D,10D_,D:\MAGIC\inbox\10D_seo_audit_reporter_READY.py,10D_seo_audit_reporter_READY.py
10,D,10D_,D:\MAGIC\inbox\10D_serp_monitor_READY.py,10D_serp_monitor_READY.py
10,D,10D_,D:\MAGIC\inbox\10D_google_search_console_bridge_READY.py,10D_google_search_console_bridge_READY.py
10,D,10D_,D:\MAGIC\inbox\10D_utm_tag_builder_READY.py,10D_utm_tag_builder_READY.py
10,E,10E_,D:\MAGIC\inbox\10E_paid_traffic_tester_READY.py,10E_paid_traffic_tester_READY.py
10,E,10E_,D:\MAGIC\inbox\10E_ad_strategy_simulator_READY.py,10E_ad_strategy_simulator_READY.py
10,E,10E_,D:\MAGIC\inbox\10E_ppc_roi_calculator_READY.py,10E_ppc_roi_calculator_READY.py
10,E,10E_,D:\MAGIC\inbox\10E_ad_budget_enforcer_READY.py,10E_ad_budget_enforcer_READY.py
10,F,10F_,D:\MAGIC\inbox\10F_traffic_source_mixer_READY.py,10F_traffic_source_mixer_READY.py
10,F,10F_,D:\MAGIC\inbox\10F_multilingual_seo_optimizer_READY.py,10F_multilingual_seo_optimizer_READY.py
10,F,10F_,D:\MAGIC\inbox\10F_traffic_trend_visualizer_READY.py,10F_traffic_trend_visualizer_READY.py
10,F,10F_,D:\MAGIC\inbox\10F_cross_channel_synergy_engine_READY.py,10F_cross_channel_synergy_engine_READY.py
10,G,10G_,D:\MAGIC\inbox\10G_youtube_chapter_inserter_READY.py,10G_youtube_chapter_inserter_READY.py
10,G,10G_,D:\MAGIC\inbox\10G_pinterest_auto_pinner_READY.py,10G_pinterest_auto_pinner_READY.py
10,H,10H_,D:\MAGIC\inbox\10H_competitor_keyword_analyzer_READY.py,10H_competitor_keyword_analyzer_READY.py
10,H,10H_,D:\MAGIC\inbox\10H_competitor_content_mapper_READY.py,10H_competitor_content_mapper_READY.py
10,I,10I_,D:\MAGIC\inbox\10I_seo_a_b_tester_READY.py,10I_seo_a_b_tester_READY.py
10,I,10I_,D:\MAGIC\inbox\10I_indexation_simulator_READY.py,10I_indexation_simulator_READY.py
10,I,10I_,D:\MAGIC\inbox\10I_seo_click_heatmap_builder_READY.py,10I_seo_click_heatmap_builder_READY.py
10,J,10J_,D:\MAGIC\inbox\10J_reddit_twitter_hashtag_inserter_READY.py,10J_reddit_twitter_hashtag_inserter_READY.py
10,J,10J_,D:\MAGIC\inbox\10J_social_engagement_seo_booster_READY.py,10J_social_engagement_seo_booster_READY.py
10,J,10J_,D:\MAGIC\inbox\10J_comment_sentiment_analyzer_READY.py,10J_comment_sentiment_analyzer_READY.py
10,K,10K_,D:\MAGIC\inbox\10K_auto_scheduler_for_seo_posts_READY.py,10K_auto_scheduler_for_seo_posts_READY.py
10,K,10K_,D:\MAGIC\inbox\10K_bulk_seo_deployment_tool_READY.py,10K_bulk_seo_deployment_tool_READY.py
10,K,10K_,D:\MAGIC\inbox\10K_scalable_url_generator_READY.py,10K_scalable_url_generator_READY.py
10,L,10L_,D:\MAGIC\inbox\10L_seo_forecast_engine_READY.py,10L_seo_forecast_engine_READY.py
10,L,10L_,D:\MAGIC\inbox\10L_historical_seo_tracker_READY.py,10L_historical_seo_tracker_READY.py
10,L,10L_,D:\MAGIC\inbox\10L_platform_roi_comparer_READY.py,10L_platform_roi_comparer_READY.py
10,M,10M_,D:\MAGIC\inbox\10M_ai_content_improver_READY.py,10M_ai_content_improver_READY.py
10,M,10M_,D:\MAGIC\inbox\10M_llm_powered_snippet_generator_READY.py,10M_llm_powered_snippet_generator_READY.py
10,M,10M_,D:\MAGIC\inbox\10M_multilingual_content_spinner_READY.py,10M_multilingual_content_spinner_READY.py
10,N,10N_,D:\MAGIC\inbox\10N_broken_link_checker_READY.py,10N_broken_link_checker_READY.py
10,N,10N_,D:\MAGIC\inbox\10N_sitemap_auto_builder_READY.py,10N_sitemap_auto_builder_READY.py
10,N,10N_,D:\MAGIC\inbox\10N_robots_txt_manager_READY.py,10N_robots_txt_manager_READY.py
10,O,10O_,D:\MAGIC\inbox\10O_featured_snippet_tracker_READY.py,10O_featured_snippet_tracker_READY.py
10,O,10O_,D:\MAGIC\inbox\10O_people_also_ask_analyzer_READY.py,10O_people_also_ask_analyzer_READY.py
10,O,10O_,D:\MAGIC\inbox\10O_related_searches_miner_READY.py,10O_related_searches_miner_READY.py
10,P,10P_,D:\MAGIC\inbox\10P_ai_seo_prompt_formatter_READY.py,10P_ai_seo_prompt_formatter_READY.py
10,P,10P_,D:\MAGIC\inbox\10P_search_engine_tag_generator_READY.py,10P_search_engine_tag_generator_READY.py
10,P,10P_,D:\MAGIC\inbox\10P_voice_search_optimization_engine_READY.py,10P_voice_search_optimization_engine_READY.py
10,Q,10Q_,D:\MAGIC\inbox\10Q_scroll_depth_analyzer_READY.py,10Q_scroll_depth_analyzer_READY.py
10,Q,10Q_,D:\MAGIC\inbox\10Q_bounce_rate_tracker_READY.py,10Q_bounce_rate_tracker_READY.py
10,Q,10Q_,D:\MAGIC\inbox\10Q_dwell_time_monitor_READY.py,10Q_dwell_time_monitor_READY.py
10,R,10R_,D:\MAGIC\inbox\10R_retry_failed_seo_actions_READY.py,10R_retry_failed_seo_actions_READY.py
10,R,10R_,D:\MAGIC\inbox\10R_seo_quarantine_system_READY.py,10R_seo_quarantine_system_READY.py
10,R,10R_,D:\MAGIC\inbox\10R_automation_toggle_panel_READY.py,10R_automation_toggle_panel_READY.py
10,S,10S_,D:\MAGIC\inbox\10S_haro_pitch_automator_READY.py,10S_haro_pitch_automator_READY.py
10,S,10S_,D:\MAGIC\inbox\10S_digital_pr_tracker_READY.py,10S_digital_pr_tracker_READY.py
10,S,10S_,D:\MAGIC\inbox\10S_press_release_seo_formatter_READY.py,10S_press_release_seo_formatter_READY.py
10,T,10T_,D:\MAGIC\inbox\10T_seo_based_lead_magnet_builder_READY.py,10T_seo_based_lead_magnet_builder_READY.py
10,T,10T_,D:\MAGIC\inbox\10T_cta_heatmap_generator_READY.py,10T_cta_heatmap_generator_READY.py
10,T,10T_,D:\MAGIC\inbox\10T_scroll_triggered_seo_opt_ins_READY.py,10T_scroll_triggered_seo_opt_ins_READY.py
10,U,10U_,D:\MAGIC\inbox\10U_video_transcript_seo_optimizer_READY.py,10U_video_transcript_seo_optimizer_READY.py
10,U,10U_,D:\MAGIC\inbox\10U_shorts_hashtag_auto_matcher_READY.py,10U_shorts_hashtag_auto_matcher_READY.py
10,U,10U_,D:\MAGIC\inbox\10U_seo_based_youtube_title_spinner_READY.py,10U_seo_based_youtube_title_spinner_READY.py
10,V,10V_,D:\MAGIC\inbox\10V_affiliate_keyword_rank_tracker_READY.py,10V_affiliate_keyword_rank_tracker_READY.py
10,V,10V_,D:\MAGIC\inbox\10V_monetization_opportunity_finder_READY.py,10V_monetization_opportunity_finder_READY.py
10,V,10V_,D:\MAGIC\inbox\10V_seo_split_test_for_affiliate_ctas_READY.py,10V_seo_split_test_for_affiliate_ctas_READY.py
10,W,10W_,D:\MAGIC\inbox\10W_product_page_keyword_optimizer_READY.py,10W_product_page_keyword_optimizer_READY.py
10,W,10W_,D:\MAGIC\inbox\10W_collection_seo_auto_bundler_READY.py,10W_collection_seo_auto_bundler_READY.py
10,W,10W_,D:\MAGIC\inbox\10W_review_snippet_generator_READY.py,10W_review_snippet_generator_READY.py
10,X,10X_,D:\MAGIC\inbox\10X_alexa_google_voice_seo_embedder_READY.py,10X_alexa_google_voice_seo_embedder_READY.py
10,X,10X_,D:\MAGIC\inbox\10X_ai_search_performance_analyzer_READY.py,10X_ai_search_performance_analyzer_READY.py
10,X,10X_,D:\MAGIC\inbox\10X_llm_visibility_tag_generator_READY.py,10X_llm_visibility_tag_generator_READY.py
10,Y,10Y_,D:\MAGIC\inbox\10Y_testimonial_embed_builder_READY.py,10Y_testimonial_embed_builder_READY.py
10,Y,10Y_,D:\MAGIC\inbox\10Y_social_share_impact_tracker_READY.py,10Y_social_share_impact_tracker_READY.py
10,Y,10Y_,D:\MAGIC\inbox\10Y_user_generated_content_seo_indexer_READY.py,10Y_user_generated_content_seo_indexer_READY.py
10,Z,10Z_,D:\MAGIC\inbox\10Z_seo_cleanup_script_READY.py,10Z_seo_cleanup_script_READY.py
10,Z,10Z_,D:\MAGIC\inbox\10Z_intelligent_prioritization_system_READY.py,10Z_intelligent_prioritization_system_READY.py
10,Z,10Z_,D:\MAGIC\inbox\10Z__10_orchestration_trigger_READY.py,10Z__10_orchestration_trigger_READY.py
11,A,11A_,D:\MAGIC\inbox\11A_missing_module_detector_READY.py,11A_missing_module_detector_READY.py
11,A,11A_,D:\MAGIC\inbox\11A_script_health_verifier_READY.py,11A_script_health_verifier_READY.py
11,A,11A_,D:\MAGIC\inbox\11A_automation_flow_breakpoint_map_READY.py,11A_automation_flow_breakpoint_map_READY.py
11,B,11B_,D:\MAGIC\inbox\11B_api_key_leak_checker_READY.py,11B_api_key_leak_checker_READY.py
11,B,11B_,D:\MAGIC\inbox\11B_credential_vault_manager_READY.py,11B_credential_vault_manager_READY.py
11,B,11B_,D:\MAGIC\inbox\11B_rate_limit_stress_test_READY.py,11B_rate_limit_stress_test_READY.py
11,C,11C_,D:\MAGIC\inbox\11C_data_quality_validator_READY.py,11C_data_quality_validator_READY.py
11,C,11C_,D:\MAGIC\inbox\11C_fail_safe_backup_system_READY.py,11C_fail_safe_backup_system_READY.py
11,C,11C_,D:\MAGIC\inbox\11C_corruption_recovery_agent_READY.py,11C_corruption_recovery_agent_READY.py
11,D,11D_,D:\MAGIC\inbox\11D_orchestration_consistency_check_READY.py,11D_orchestration_consistency_check_READY.py
11,D,11D_,D:\MAGIC\inbox\11D_deployment_readiness_auditor_READY.py,11D_deployment_readiness_auditor_READY.py
11,D,11D_,D:\MAGIC\inbox\11D_failpoint_injection_simulator_READY.py,11D_failpoint_injection_simulator_READY.py
11,E,11E_,D:\MAGIC\inbox\11E_broken_script_detector_READY.py,11E_broken_script_detector_READY.py
11,E,11E_,D:\MAGIC\inbox\11E_api_health_checker_READY.py,11E_api_health_checker_READY.py
11,E,11E_,D:\MAGIC\inbox\11E_bottleneck_profiler_READY.py,11E_bottleneck_profiler_READY.py
11,E,11E_,D:\MAGIC\inbox\11E_budget_burn_monitor_READY.py,11E_budget_burn_monitor_READY.py
11,E,11E_,D:\MAGIC\inbox\11E_file_folder_cleanup_READY.py,11E_file_folder_cleanup_READY.py
11,F,11F_,D:\MAGIC\inbox\11F_agent_performance_log_READY.py,11F_agent_performance_log_READY.py
11,F,11F_,D:\MAGIC\inbox\11F_error_pattern_analyzer_READY.py,11F_error_pattern_analyzer_READY.py
11,F,11F_,D:\MAGIC\inbox\11F_redundancy_reducer_READY.py,11F_redundancy_reducer_READY.py
11,F,11F_,D:\MAGIC\inbox\11F_retry_dead_job_scanner_READY.py,11F_retry_dead_job_scanner_READY.py
11,G,11G_,D:\MAGIC\inbox\11G_full_system_audit_report_READY.py,11G_full_system_audit_report_READY.py
11,H,11H_,D:\MAGIC\inbox\11H_dependency_graph_audit_READY.py,11H_dependency_graph_audit_READY.py
11,H,11H_,D:\MAGIC\inbox\11H_orphan_file_detector_READY.py,11H_orphan_file_detector_READY.py
11,H,11H_,D:\MAGIC\inbox\11H_retry_logic_tester_READY.py,11H_retry_logic_tester_READY.py
11,H,11H_,D:\MAGIC\inbox\11H_logging_coverage_analyzer_READY.py,11H_logging_coverage_analyzer_READY.py
11,H,11H_,D:\MAGIC\inbox\11H_dead_api_key_validator_READY.py,11H_dead_api_key_validator_READY.py
11,H,11H_,D:\MAGIC\inbox\11H_output_file_validator_READY.py,11H_output_file_validator_READY.py
11,I,11I_,D:\MAGIC\inbox\11I_modularize_orchestration_READY.py,11I_modularize_orchestration_READY.py
11,I,11I_,D:\MAGIC\inbox\11I_ai_decision_watchdog_READY.py,11I_ai_decision_watchdog_READY.py
11,I,11I_,D:\MAGIC\inbox\11I_rate_limit_guard_READY.py,11I_rate_limit_guard_READY.py
11,I,11I_,D:\MAGIC\inbox\11I_cost_overflow_stopper_READY.py,11I_cost_overflow_stopper_READY.py
11,I,11I_,D:\MAGIC\inbox\11I_fallback_agent_builder_READY.py,11I_fallback_agent_builder_READY.py
11,I,11I_,D:\MAGIC\inbox\11I_system_wide_retry_limiter_READY.py,11I_system_wide_retry_limiter_READY.py
11,I,11I_,D:\MAGIC\inbox\11I_broken_link_embed_fixer_READY.py,11I_broken_link_embed_fixer_READY.py
11,I,11I_,D:\MAGIC\inbox\11I_regression_test_runner_READY.py,11I_regression_test_runner_READY.py
11,I,11I_,D:\MAGIC\inbox\11I_central_config_migration_READY.py,11I_central_config_migration_READY.py
11,J,11J_,D:\MAGIC\inbox\11J_random_failure_injector_READY.py,11J_random_failure_injector_READY.py
11,J,11J_,D:\MAGIC\inbox\11J_load_spike_simulator_READY.py,11J_load_spike_simulator_READY.py
11,J,11J_,D:\MAGIC\inbox\11J_memory_leak_detector_READY.py,11J_memory_leak_detector_READY.py
11,K,11K_,D:\MAGIC\inbox\11K_admin_access_checker_READY.py,11K_admin_access_checker_READY.py
11,K,11K_,D:\MAGIC\inbox\11K_directory_write_lock_verifier_READY.py,11K_directory_write_lock_verifier_READY.py
11,K,11K_,D:\MAGIC\inbox\11K_config_tamper_detector_READY.py,11K_config_tamper_detector_READY.py
11,L,11L_,D:\MAGIC\inbox\11L_time_stamped_run_archiver_READY.py,11L_time_stamped_run_archiver_READY.py
11,L,11L_,D:\MAGIC\inbox\11L_version_drift_detector_READY.py,11L_version_drift_detector_READY.py
11,L,11L_,D:\MAGIC\inbox\11L_output_change_diff_checker_READY.py,11L_output_change_diff_checker_READY.py
11,M,11M_,D:\MAGIC\inbox\11M_api_abuse_detector_READY.py,11M_api_abuse_detector_READY.py
11,M,11M_,D:\MAGIC\inbox\11M_input_sanitizer_READY.py,11M_input_sanitizer_READY.py
11,M,11M_,D:\MAGIC\inbox\11M_prompt_injection_tester_READY.py,11M_prompt_injection_tester_READY.py
11,N,11N_,D:\MAGIC\inbox\11N_manual_override_toggle_READY.py,11N_manual_override_toggle_READY.py
11,N,11N_,D:\MAGIC\inbox\11N_slack_email_alert_system_READY.py,11N_slack_email_alert_system_READY.py
11,N,11N_,D:\MAGIC\inbox\11N_approval_gate_for_high_risk_ops_READY.py,11N_approval_gate_for_high_risk_ops_READY.py
11,O,11O_,D:\MAGIC\inbox\11O_unified_log_aggregator_READY.py,11O_unified_log_aggregator_READY.py
11,O,11O_,D:\MAGIC\inbox\11O_real_time_log_streamer_READY.py,11O_real_time_log_streamer_READY.py
11,O,11O_,D:\MAGIC\inbox\11O_telemetry_exporter_READY.py,11O_telemetry_exporter_READY.py
11,P,11P_,D:\MAGIC\inbox\11P_api_terms_compliance_checker_READY.py,11P_api_terms_compliance_checker_READY.py
11,P,11P_,D:\MAGIC\inbox\11P_attribution_inserter_READY.py,11P_attribution_inserter_READY.py
11,P,11P_,D:\MAGIC\inbox\11P_license_file_auditor_READY.py,11P_license_file_auditor_READY.py
11,Q,11Q_,D:\MAGIC\inbox\11Q_python_environment_verifier_READY.py,11Q_python_environment_verifier_READY.py
11,Q,11Q_,D:\MAGIC\inbox\11Q_dependency_version_pin_checker_READY.py,11Q_dependency_version_pin_checker_READY.py
11,Q,11Q_,D:\MAGIC\inbox\11Q_virtualenv_isolation_enforcer_READY.py,11Q_virtualenv_isolation_enforcer_READY.py
11,R,11R_,D:\MAGIC\inbox\11R_shadow_run_mode_READY.py,11R_shadow_run_mode_READY.py
11,R,11R_,D:\MAGIC\inbox\11R_silent_error_logger_READY.py,11R_silent_error_logger_READY.py
11,R,11R_,D:\MAGIC\inbox\11R_sneak_audit_agent_READY.py,11R_sneak_audit_agent_READY.py
11,S,11S_,D:\MAGIC\inbox\11S_ai_risk_classifier_READY.py,11S_ai_risk_classifier_READY.py
11,S,11S_,D:\MAGIC\inbox\11S_risk_score_dashboard_READY.py,11S_risk_score_dashboard_READY.py
11,S,11S_,D:\MAGIC\inbox\11S_mitigation_suggestion_engine_READY.py,11S_mitigation_suggestion_engine_READY.py
11,T,11T_,D:\MAGIC\inbox\11T_decision_chain_visualizer_READY.py,11T_decision_chain_visualizer_READY.py
11,T,11T_,D:\MAGIC\inbox\11T_output_attribution_tracer_READY.py,11T_output_attribution_tracer_READY.py
11,T,11T_,D:\MAGIC\inbox\11T_audit_trail_renderer_READY.py,11T_audit_trail_renderer_READY.py
11,U,11U_,D:\MAGIC\inbox\11U_conflict_detector_between_agents_READY.py,11U_conflict_detector_between_agents_READY.py
11,U,11U_,D:\MAGIC\inbox\11U_agent_voting_system_READY.py,11U_agent_voting_system_READY.py
11,U,11U_,D:\MAGIC\inbox\11U_chain_of_responsibility_resolver_READY.py,11U_chain_of_responsibility_resolver_READY.py
11,V,11V_,D:\MAGIC\inbox\11V_unused_agent_scanner_READY.py,11V_unused_agent_scanner_READY.py
11,V,11V_,D:\MAGIC\inbox\11V_output_drift_detector_READY.py,11V_output_drift_detector_READY.py
11,V,11V_,D:\MAGIC\inbox\11V_maintece_nudger_READY.py,11V_maintece_nudger_READY.py
11,W,11W_,D:\MAGIC\inbox\11W_hallucination_catcher_READY.py,11W_hallucination_catcher_READY.py
11,W,11W_,D:\MAGIC\inbox\11W_toxicity_bias_filter_READY.py,11W_toxicity_bias_filter_READY.py
11,W,11W_,D:\MAGIC\inbox\11W_ethical_decision_flagger_READY.py,11W_ethical_decision_flagger_READY.py
11,X,11X_,D:\MAGIC\inbox\11X_red_team_threat_simulator_READY.py,11X_red_team_threat_simulator_READY.py
11,X,11X_,D:\MAGIC\inbox\11X_llm_jailbreak_resistance_tester_READY.py,11X_llm_jailbreak_resistance_tester_READY.py
11,X,11X_,D:\MAGIC\inbox\11X_agent_sabotage_replay_detector_READY.py,11X_agent_sabotage_replay_detector_READY.py
11,Y,11Y_,D:\MAGIC\inbox\11Y_agent_uptime_monitor_READY.py,11Y_agent_uptime_monitor_READY.py
11,Y,11Y_,D:\MAGIC\inbox\11Y_sla_violation_logger_READY.py,11Y_sla_violation_logger_READY.py
11,Y,11Y_,D:\MAGIC\inbox\11Y_multi_tier_auto_restarter_READY.py,11Y_multi_tier_auto_restarter_READY.py
11,Z,11Z_,D:\MAGIC\inbox\11Z_step_by_step_time_travel_debugger_READY.py,11Z_step_by_step_time_travel_debugger_READY.py
11,Z,11Z_,D:\MAGIC\inbox\11Z_snapshot_creation_diff_engine_READY.py,11Z_snapshot_creation_diff_engine_READY.py
11,Z,11Z_,D:\MAGIC\inbox\11Z_auto_rollback_controller_READY.py,11Z_auto_rollback_controller_READY.py
11,AA,11AA_,D:\MAGIC\inbox\11AA_failure_memory_builder_READY.py,11AA_failure_memory_builder_READY.py
11,AA,11AA_,D:\MAGIC\inbox\11AA_risk_adaptive_agent_tuner_READY.py,11AA_risk_adaptive_agent_tuner_READY.py
11,AA,11AA_,D:\MAGIC\inbox\11AA_self_healing_loop_generator_READY.py,11AA_self_healing_loop_generator_READY.py
11,AB,11AB_,D:\MAGIC\inbox\11AB_agent_signature_validator_READY.py,11AB_agent_signature_validator_READY.py
11,AB,11AB_,D:\MAGIC\inbox\11AB_zero_trust_access_policy_engine_READY.py,11AB_zero_trust_access_policy_engine_READY.py
11,AB,11AB_,D:\MAGIC\inbox\11AB_agent_identity_vault_READY.py,11AB_agent_identity_vault_READY.py
12,A,12A_,D:\MAGIC\inbox\12A_comment_collector_READY.py,12A_comment_collector_READY.py
12,A,12A_,D:\MAGIC\inbox\12A_ugc_metrics_extractor_READY.py,12A_ugc_metrics_extractor_READY.py
12,A,12A_,D:\MAGIC\inbox\12A_mention_tracker_READY.py,12A_mention_tracker_READY.py
12,A,12A_,D:\MAGIC\inbox\12A_auto_upload_with_reaction_sync_READY.py,12A_auto_upload_with_reaction_sync_READY.py
12,A,12A_,D:\MAGIC\inbox\12A_comment_sentiment_analyzer_READY.py,12A_comment_sentiment_analyzer_READY.py
12,A,12A_,D:\MAGIC\inbox\12A_ugc_feedback_sentiment_READY.py,12A_ugc_feedback_sentiment_READY.py
12,B,12B_,D:\MAGIC\inbox\12B_reply_funnel_scorer_READY.py,12B_reply_funnel_scorer_READY.py
12,B,12B_,D:\MAGIC\inbox\12B_engagement_predictor_READY.py,12B_engagement_predictor_READY.py
12,B,12B_,D:\MAGIC\inbox\12B_ugc_impact_dashboard_READY.py,12B_ugc_impact_dashboard_READY.py
12,B,12B_,D:\MAGIC\inbox\12B_highlight_great_ugc_READY.py,12B_highlight_great_ugc_READY.py
12,B,12B_,D:\MAGIC\inbox\12B_toxicity_spam_filter_READY.py,12B_toxicity_spam_filter_READY.py
12,B,12B_,D:\MAGIC\inbox\12B_comment_summarizer_READY.py,12B_comment_summarizer_READY.py
12,C,12C_,D:\MAGIC\inbox\12C_auto_comment_generator_READY.py,12C_auto_comment_generator_READY.py
12,C,12C_,D:\MAGIC\inbox\12C_dm_response_recommender_READY.py,12C_dm_response_recommender_READY.py
12,C,12C_,D:\MAGIC\inbox\12C_user_request_detector_READY.py,12C_user_request_detector_READY.py
12,C,12C_,D:\MAGIC\inbox\12C_auto_response_to_comments_READY.py,12C_auto_response_to_comments_READY.py
12,C,12C_,D:\MAGIC\inbox\12C_repost_remix_detection_READY.py,12C_repost_remix_detection_READY.py
12,D,12D_,D:\MAGIC\inbox\12D_notion_ugc_summary_export_READY.py,12D_notion_ugc_summary_export_READY.py
12,D,12D_,D:\MAGIC\inbox\12D_ugc_funnel_visualizer_READY.py,12D_ugc_funnel_visualizer_READY.py
12,D,12D_,D:\MAGIC\inbox\12D_ugc_into_content_repurposing_READY.py,12D_ugc_into_content_repurposing_READY.py
12,E,12E_,D:\MAGIC\inbox\12E_ugc_permission_validator_READY.py,12E_ugc_permission_validator_READY.py
12,E,12E_,D:\MAGIC\inbox\12E_creator_attribution_tracker_READY.py,12E_creator_attribution_tracker_READY.py
12,E,12E_,D:\MAGIC\inbox\12E_platform_policy_filter_READY.py,12E_platform_policy_filter_READY.py
12,E,12E_,D:\MAGIC\inbox\12E_gdpr_data_privacy_filter_READY.py,12E_gdpr_data_privacy_filter_READY.py
12,E,12E_,D:\MAGIC\inbox\12E_ugc_legal_risk_assessor_READY.py,12E_ugc_legal_risk_assessor_READY.py
12,F,12F_,D:\MAGIC\inbox\12F_ugc_memory_indexer_READY.py,12F_ugc_memory_indexer_READY.py
12,F,12F_,D:\MAGIC\inbox\12F_retrieval_augmented_response_READY.py,12F_retrieval_augmented_response_READY.py
12,F,12F_,D:\MAGIC\inbox\12F_historical_impact_analysis_READY.py,12F_historical_impact_analysis_READY.py
12,F,12F_,D:\MAGIC\inbox\12F_lifespan_estimator_READY.py,12F_lifespan_estimator_READY.py
12,G,12G_,D:\MAGIC\inbox\12G_comment_language_detector_READY.py,12G_comment_language_detector_READY.py
12,G,12G_,D:\MAGIC\inbox\12G_auto_translate_comment_READY.py,12G_auto_translate_comment_READY.py
12,G,12G_,D:\MAGIC\inbox\12G_accessibility_validator_READY.py,12G_accessibility_validator_READY.py
12,H,12H_,D:\MAGIC\inbox\12H_ugc_feedback_looper_READY.py,12H_ugc_feedback_looper_READY.py
12,H,12H_,D:\MAGIC\inbox\12H_style_format_reinforcer_READY.py,12H_style_format_reinforcer_READY.py
12,H,12H_,D:\MAGIC\inbox\12H_ugc_driven_prompt_finetuner_READY.py,12H_ugc_driven_prompt_finetuner_READY.py
12,H,12H_,D:\MAGIC\inbox\12H_popular_phrase_miner_READY.py,12H_popular_phrase_miner_READY.py
12,I,12I_,D:\MAGIC\inbox\12I_engagement_badge_engine_READY.py,12I_engagement_badge_engine_READY.py
12,I,12I_,D:\MAGIC\inbox\12I_ugc_leaderboard_generator_READY.py,12I_ugc_leaderboard_generator_READY.py
12,I,12I_,D:\MAGIC\inbox\12I_referral_tracker_for_ugc_shares_READY.py,12I_referral_tracker_for_ugc_shares_READY.py
12,I,12I_,D:\MAGIC\inbox\12I_giveaway_trigger_from_ugc_READY.py,12I_giveaway_trigger_from_ugc_READY.py
12,J,12J_,D:\MAGIC\inbox\12J_smart_ugc_routing_engine_READY.py,12J_smart_ugc_routing_engine_READY.py
12,J,12J_,D:\MAGIC\inbox\12J_context_aware_escalation_READY.py,12J_context_aware_escalation_READY.py
12,J,12J_,D:\MAGIC\inbox\12J_funnel_fit_matcher_READY.py,12J_funnel_fit_matcher_READY.py
12,J,12J_,D:\MAGIC\inbox\12J_workflow_delay_detector_READY.py,12J_workflow_delay_detector_READY.py
12,K,12K_,D:\MAGIC\inbox\12K_multi_platform_sync_engine_READY.py,12K_multi_platform_sync_engine_READY.py
12,K,12K_,D:\MAGIC\inbox\12K_multi_account_uploader_READY.py,12K_multi_account_uploader_READY.py
12,K,12K_,D:\MAGIC\inbox\12K_ugc_duplication_guard_READY.py,12K_ugc_duplication_guard_READY.py
12,K,12K_,D:\MAGIC\inbox\12K_platform_specific_format_adapter_READY.py,12K_platform_specific_format_adapter_READY.py
12,L,12L_,D:\MAGIC\inbox\12L_notifier_for_viral_ugc_spikes_READY.py,12L_notifier_for_viral_ugc_spikes_READY.py
12,L,12L_,D:\MAGIC\inbox\12L_agent_collaboration_bridge_READY.py,12L_agent_collaboration_bridge_READY.py
12,L,12L_,D:\MAGIC\inbox\12L_feedback_notification_bot_READY.py,12L_feedback_notification_bot_READY.py
12,L,12L_,D:\MAGIC\inbox\12L_comment_thread_mapper_READY.py,12L_comment_thread_mapper_READY.py
12,M,12M_,D:\MAGIC\inbox\12M_voice_comment_transcriber_READY.py,12M_voice_comment_transcriber_READY.py
12,M,12M_,D:\MAGIC\inbox\12M_ugc_video_extractor_READY.py,12M_ugc_video_extractor_READY.py
12,M,12M_,D:\MAGIC\inbox\12M_voice_sentiment_classifier_READY.py,12M_voice_sentiment_classifier_READY.py
12,M,12M_,D:\MAGIC\inbox\12M_lip_sync_reaction_match_classifier_READY.py,12M_lip_sync_reaction_match_classifier_READY.py
12,N,12N_,D:\MAGIC\inbox\12N_ugc_to_bigquery_export_READY.py,12N_ugc_to_bigquery_export_READY.py
12,N,12N_,D:\MAGIC\inbox\12N_airtable_sheets_sync_READY.py,12N_airtable_sheets_sync_READY.py
12,N,12N_,D:\MAGIC\inbox\12N_slack_discord_hook_integrator_READY.py,12N_slack_discord_hook_integrator_READY.py
12,N,12N_,D:\MAGIC\inbox\12N_notion_ugc_board_updater_READY.py,12N_notion_ugc_board_updater_READY.py
12,O,12O_,D:\MAGIC\inbox\12O_ugc_influence_graph_builder_READY.py,12O_ugc_influence_graph_builder_READY.py
12,O,12O_,D:\MAGIC\inbox\12O_originator_tracer_READY.py,12O_originator_tracer_READY.py
12,O,12O_,D:\MAGIC\inbox\12O_secondary_wave_detector_READY.py,12O_secondary_wave_detector_READY.py
12,O,12O_,D:\MAGIC\inbox\12O_influencer_amplification_logger_READY.py,12O_influencer_amplification_logger_READY.py
12,P,12P_,D:\MAGIC\inbox\12P_ugc_lifecycle_tracker_READY.py,12P_ugc_lifecycle_tracker_READY.py
12,P,12P_,D:\MAGIC\inbox\12P_comment_thread_resurfacer_READY.py,12P_comment_thread_resurfacer_READY.py
12,P,12P_,D:\MAGIC\inbox\12P_seasonal_ugc_tagger_READY.py,12P_seasonal_ugc_tagger_READY.py
12,P,12P_,D:\MAGIC\inbox\12P_evergreen_ugc_highlighter_READY.py,12P_evergreen_ugc_highlighter_READY.py
12,Q,12Q_,D:\MAGIC\inbox\12Q_ugc_approval_queue_READY.py,12Q_ugc_approval_queue_READY.py
12,Q,12Q_,D:\MAGIC\inbox\12Q_internal_feedback_collector_READY.py,12Q_internal_feedback_collector_READY.py
12,Q,12Q_,D:\MAGIC\inbox\12Q_moderator_interface_integrator_READY.py,12Q_moderator_interface_integrator_READY.py
12,Q,12Q_,D:\MAGIC\inbox\12Q_semi_manual_content_repurpose_tool_READY.py,12Q_semi_manual_content_repurpose_tool_READY.py
12,R,12R_,D:\MAGIC\inbox\12R_ugc_ai_mismatch_detector_READY.py,12R_ugc_ai_mismatch_detector_READY.py
12,R,12R_,D:\MAGIC\inbox\12R_comment_labeling_feedback_READY.py,12R_comment_labeling_feedback_READY.py
12,R,12R_,D:\MAGIC\inbox\12R_fine_tune_ai_comment_agent_READY.py,12R_fine_tune_ai_comment_agent_READY.py
12,R,12R_,D:\MAGIC\inbox\12R_confidence_scoring_system_READY.py,12R_confidence_scoring_system_READY.py
12,S,12S_,D:\MAGIC\inbox\12S_multimodal_ugc_router_READY.py,12S_multimodal_ugc_router_READY.py
12,S,12S_,D:\MAGIC\inbox\12S_agi_ready_trend_feedback_loop_READY.py,12S_agi_ready_trend_feedback_loop_READY.py
12,S,12S_,D:\MAGIC\inbox\12S_llm_memory_integration_engine_READY.py,12S_llm_memory_integration_engine_READY.py
12,S,12S_,D:\MAGIC\inbox\12S_decentralized_ugc_logging_READY.py,12S_decentralized_ugc_logging_READY.py
13,A,13A_,D:\MAGIC\inbox\13A_affiliate_click_tracker_READY.py,13A_affiliate_click_tracker_READY.py
13,A,13A_,D:\MAGIC\inbox\13A_bitly_click_tracker_integration_READY.py,13A_bitly_click_tracker_integration_READY.py
13,A,13A_,D:\MAGIC\inbox\13A_product_level_roi_calculator_READY.py,13A_product_level_roi_calculator_READY.py
13,A,13A_,D:\MAGIC\inbox\13A_affiliate_roi_calculator_READY.py,13A_affiliate_roi_calculator_READY.py
13,A,13A_,D:\MAGIC\inbox\13A_bitly_link_grouping_tags_READY.py,13A_bitly_link_grouping_tags_READY.py
13,A,13A_,D:\MAGIC\inbox\13A_bitly_roi_exporter_READY.py,13A_bitly_roi_exporter_READY.py
13,B,13B_,D:\MAGIC\inbox\13B_a_b_funnel_variant_manager_READY.py,13B_a_b_funnel_variant_manager_READY.py
13,B,13B_,D:\MAGIC\inbox\13B_smart_cta_split_tester_READY.py,13B_smart_cta_split_tester_READY.py
13,B,13B_,D:\MAGIC\inbox\13B_cta_performance_scorer_READY.py,13B_cta_performance_scorer_READY.py
13,B,13B_,D:\MAGIC\inbox\13B_auto_cta_replacement_engine_READY.py,13B_auto_cta_replacement_engine_READY.py
13,B,13B_,D:\MAGIC\inbox\13B_product_cta_matching_engine_READY.py,13B_product_cta_matching_engine_READY.py
13,B,13B_,D:\MAGIC\inbox\13B_high_performer_rewriter_READY.py,13B_high_performer_rewriter_READY.py
13,C,13C_,D:\MAGIC\inbox\13C_lead_source_profiler_READY.py,13C_lead_source_profiler_READY.py
13,C,13C_,D:\MAGIC\inbox\13C_crm_auto_sync_bot_READY.py,13C_crm_auto_sync_bot_READY.py
13,C,13C_,D:\MAGIC\inbox\13C_crm_integration_module_READY.py,13C_crm_integration_module_READY.py
13,C,13C_,D:\MAGIC\inbox\13C_subscriber_funnel_mapper_READY.py,13C_subscriber_funnel_mapper_READY.py
13,C,13C_,D:\MAGIC\inbox\13C_conversion_path_analyzer_READY.py,13C_conversion_path_analyzer_READY.py
13,C,13C_,D:\MAGIC\inbox\13C_auto_dm_to_email_funnel_trigger_READY.py,13C_auto_dm_to_email_funnel_trigger_READY.py
13,C,13C_,D:\MAGIC\inbox\13C_crm_conversion_exporter_READY.py,13C_crm_conversion_exporter_READY.py
13,D,13D_,D:\MAGIC\inbox\13D_affiliate_roi_dashboard_READY.py,13D_affiliate_roi_dashboard_READY.py
13,D,13D_,D:\MAGIC\inbox\13D_funnel_performance_dashboard_READY.py,13D_funnel_performance_dashboard_READY.py
13,D,13D_,D:\MAGIC\inbox\13D_affiliate_funnel_tester_READY.py,13D_affiliate_funnel_tester_READY.py
13,E,13E_,D:\MAGIC\inbox\13E_dynamic_affiliate_recommender_READY.py,13E_dynamic_affiliate_recommender_READY.py
13,E,13E_,D:\MAGIC\inbox\13E_smart_link_personalizer_READY.py,13E_smart_link_personalizer_READY.py
13,E,13E_,D:\MAGIC\inbox\13E_intent_signal_analyzer_READY.py,13E_intent_signal_analyzer_READY.py
13,F,13F_,D:\MAGIC\inbox\13F_funnel_drop_off_detector_READY.py,13F_funnel_drop_off_detector_READY.py
13,F,13F_,D:\MAGIC\inbox\13F_retargeting_list_builder_READY.py,13F_retargeting_list_builder_READY.py
13,F,13F_,D:\MAGIC\inbox\13F_reactivation_email_generator_READY.py,13F_reactivation_email_generator_READY.py
13,G,13G_,D:\MAGIC\inbox\13G_duplicate_click_filter_READY.py,13G_duplicate_click_filter_READY.py
13,G,13G_,D:\MAGIC\inbox\13G_affiliate_policy_violation_scanner_READY.py,13G_affiliate_policy_violation_scanner_READY.py
13,G,13G_,D:\MAGIC\inbox\13G_country_level_compliance_filter_READY.py,13G_country_level_compliance_filter_READY.py
13,H,13H_,D:\MAGIC\inbox\13H_bulk_link_health_checker_READY.py,13H_bulk_link_health_checker_READY.py
13,H,13H_,D:\MAGIC\inbox\13H_platform_specific_link_formatter_READY.py,13H_platform_specific_link_formatter_READY.py
13,H,13H_,D:\MAGIC\inbox\13H_auto_link_rotation_engine_READY.py,13H_auto_link_rotation_engine_READY.py
13,H,13H_,D:\MAGIC\inbox\13H_multi_campaign_deployment_bot_READY.py,13H_multi_campaign_deployment_bot_READY.py
13,I,13I_,D:\MAGIC\inbox\13I_affiliate_roi_forecaster_READY.py,13I_affiliate_roi_forecaster_READY.py
13,I,13I_,D:\MAGIC\inbox\13I_content_affiliate_matchmaker_ai_READY.py,13I_content_affiliate_matchmaker_ai_READY.py
13,I,13I_,D:\MAGIC\inbox\13I_affiliate_performance_anomaly_detector_READY.py,13I_affiliate_performance_anomaly_detector_READY.py
13,J,13J_,D:\MAGIC\inbox\13J_approval_gate_for_high_spend_funnels_READY.py,13J_approval_gate_for_high_spend_funnels_READY.py
13,J,13J_,D:\MAGIC\inbox\13J_affiliate_offer_whitelist_manager_READY.py,13J_affiliate_offer_whitelist_manager_READY.py
13,J,13J_,D:\MAGIC\inbox\13J_human_override_cta_selector_READY.py,13J_human_override_cta_selector_READY.py
13,K,13K_,D:\MAGIC\inbox\13K_affiliate_performance_heatmap_READY.py,13K_affiliate_performance_heatmap_READY.py
13,K,13K_,D:\MAGIC\inbox\13K_cross_platform_roi_dashboard_READY.py,13K_cross_platform_roi_dashboard_READY.py
13,K,13K_,D:\MAGIC\inbox\13K_live_funnel_monitor_READY.py,13K_live_funnel_monitor_READY.py
13,K,13K_,D:\MAGIC\inbox\13K_funnel_drop_off_chart_READY.py,13K_funnel_drop_off_chart_READY.py
13,L,13L_,D:\MAGIC\inbox\13L_affiliate_lead_memory_graph_READY.py,13L_affiliate_lead_memory_graph_READY.py
13,L,13L_,D:\MAGIC\inbox\13L_affiliate_purchase_attribution_READY.py,13L_affiliate_purchase_attribution_READY.py
13,L,13L_,D:\MAGIC\inbox\13L_crm_event_replayer_READY.py,13L_crm_event_replayer_READY.py
13,L,13L_,D:\MAGIC\inbox\13L_funnel_abandonment_re_engager_READY.py,13L_funnel_abandonment_re_engager_READY.py
13,M,13M_,D:\MAGIC\inbox\13M_ftc_disclosure_checker_READY.py,13M_ftc_disclosure_checker_READY.py
13,M,13M_,D:\MAGIC\inbox\13M_country_level_affiliate_gate_READY.py,13M_country_level_affiliate_gate_READY.py
13,M,13M_,D:\MAGIC\inbox\13M_terms_conditions_injector_READY.py,13M_terms_conditions_injector_READY.py
13,N,13N_,D:\MAGIC\inbox\13N_funnel_a_b_simulator_READY.py,13N_funnel_a_b_simulator_READY.py
13,N,13N_,D:\MAGIC\inbox\13N_cta_variant_click_tester_READY.py,13N_cta_variant_click_tester_READY.py
13,N,13N_,D:\MAGIC\inbox\13N_broken_funnel_catcher_READY.py,13N_broken_funnel_catcher_READY.py
14,A,14A_,D:\MAGIC\inbox\14A_engagement_predictor_READY.py,14A_engagement_predictor_READY.py
14,A,14A_,D:\MAGIC\inbox\14A_virality_likelihood_scorer_READY.py,14A_virality_likelihood_scorer_READY.py
14,A,14A_,D:\MAGIC\inbox\14A_trend_roi_predictor_READY.py,14A_trend_roi_predictor_READY.py
14,A,14A_,D:\MAGIC\inbox\14A_trend_scoring_engine_READY.py,14A_trend_scoring_engine_READY.py
14,B,14B_,D:\MAGIC\inbox\14B_production_decision_engine_READY.py,14B_production_decision_engine_READY.py
14,B,14B_,D:\MAGIC\inbox\14B_platform_posting_selector_READY.py,14B_platform_posting_selector_READY.py
14,B,14B_,D:\MAGIC\inbox\14B_cta_optimizer_READY.py,14B_cta_optimizer_READY.py
14,B,14B_,D:\MAGIC\inbox\14B_cost_benefit_ranker_READY.py,14B_cost_benefit_ranker_READY.py
14,B,14B_,D:\MAGIC\inbox\14B_production_priority_queue_READY.py,14B_production_priority_queue_READY.py
14,C,14C_,D:\MAGIC\inbox\14C_roi_based_script_prioritization_READY.py,14C_roi_based_script_prioritization_READY.py
14,C,14C_,D:\MAGIC\inbox\14C_best_format_recommender_READY.py,14C_best_format_recommender_READY.py
14,C,14C_,D:\MAGIC\inbox\14C_high_impact_trend_ranker_READY.py,14C_high_impact_trend_ranker_READY.py
14,C,14C_,D:\MAGIC\inbox\14C_smart_backlog_sorter_READY.py,14C_smart_backlog_sorter_READY.py
14,C,14C_,D:\MAGIC\inbox\14C_feedback_signal_combiner_READY.py,14C_feedback_signal_combiner_READY.py
14,D,14D_,D:\MAGIC\inbox\14D_cold_start_fallback_logic_READY.py,14D_cold_start_fallback_logic_READY.py
14,D,14D_,D:\MAGIC\inbox\14D_multi_source_decision_controller_READY.py,14D_multi_source_decision_controller_READY.py
14,D,14D_,D:\MAGIC\inbox\14D_decision_audit_log_READY.py,14D_decision_audit_log_READY.py
14,D,14D_,D:\MAGIC\inbox\14D_channel_goal_alignment_engine_READY.py,14D_channel_goal_alignment_engine_READY.py
14,E,14E_,D:\MAGIC\inbox\14E_title_rewrite_recommender_READY.py,14E_title_rewrite_recommender_READY.py
14,E,14E_,D:\MAGIC\inbox\14E_content_lifecycle_advisor_READY.py,14E_content_lifecycle_advisor_READY.py
14,E,14E_,D:\MAGIC\inbox\14E_autonomous_theme_selector_READY.py,14E_autonomous_theme_selector_READY.py
14,E,14E_,D:\MAGIC\inbox\14E_failed_content_analyzer_READY.py,14E_failed_content_analyzer_READY.py
14,E,14E_,D:\MAGIC\inbox\14E_retention_drop_off_analyzer_READY.py,14E_retention_drop_off_analyzer_READY.py
14,E,14E_,D:\MAGIC\inbox\14E_thumbnail_hook_tester_READY.py,14E_thumbnail_hook_tester_READY.py
14,E,14E_,D:\MAGIC\inbox\14E_evergreen_identifier_READY.py,14E_evergreen_identifier_READY.py
14,E,14E_,D:\MAGIC\inbox\14E_cta_heatmap_visualizer_READY.py,14E_cta_heatmap_visualizer_READY.py
14,F,14F_,D:\MAGIC\inbox\14F_cost_benefit_ranker_READY.py,14F_cost_benefit_ranker_READY.py
14,F,14F_,D:\MAGIC\inbox\14F_roi_based_script_prioritization_READY.py,14F_roi_based_script_prioritization_READY.py
14,F,14F_,D:\MAGIC\inbox\14F_production_priority_queue_READY.py,14F_production_priority_queue_READY.py
14,F,14F_,D:\MAGIC\inbox\14F_multi_agent_decision_controller_READY.py,14F_multi_agent_decision_controller_READY.py
14,G,14G_,D:\MAGIC\inbox\14G_decision_audit_log_READY.py,14G_decision_audit_log_READY.py
14,G,14G_,D:\MAGIC\inbox\14G_channel_goal_alignment_engine_READY.py,14G_channel_goal_alignment_engine_READY.py
14,G,14G_,D:\MAGIC\inbox\14G_feedback_signal_combiner_READY.py,14G_feedback_signal_combiner_READY.py
14,H,14H_,D:\MAGIC\inbox\14H_cold_start_fallback_logic_READY.py,14H_cold_start_fallback_logic_READY.py
14,H,14H_,D:\MAGIC\inbox\14H_autonomous_theme_selector_READY.py,14H_autonomous_theme_selector_READY.py
14,I,14I_,D:\MAGIC\inbox\14I_trend_scoring_engine_READY.py,14I_trend_scoring_engine_READY.py
14,I,14I_,D:\MAGIC\inbox\14I_ai_executive_override_logic_READY.py,14I_ai_executive_override_logic_READY.py
14,I,14I_,D:\MAGIC\inbox\14I_decision_feedback_integrator_READY.py,14I_decision_feedback_integrator_READY.py
14,J,14J_,D:\MAGIC\inbox\14J_real_time_performance_watcher_READY.py,14J_real_time_performance_watcher_READY.py
14,J,14J_,D:\MAGIC\inbox\14J_post_publish_optimization_suggester_READY.py,14J_post_publish_optimization_suggester_READY.py
14,J,14J_,D:\MAGIC\inbox\14J_content_fatigue_detector_READY.py,14J_content_fatigue_detector_READY.py
14,J,14J_,D:\MAGIC\inbox\14J_cross_content_signal_tracker_READY.py,14J_cross_content_signal_tracker_READY.py
14,K,14K_,D:\MAGIC\inbox\14K_content_rpm_forecaster_READY.py,14K_content_rpm_forecaster_READY.py
14,K,14K_,D:\MAGIC\inbox\14K_smart_budget_allocator_READY.py,14K_smart_budget_allocator_READY.py
14,K,14K_,D:\MAGIC\inbox\14K_multi_channel_profit_projection_READY.py,14K_multi_channel_profit_projection_READY.py
14,L,14L_,D:\MAGIC\inbox\14L_adaptive_decision_refiner_READY.py,14L_adaptive_decision_refiner_READY.py
14,L,14L_,D:\MAGIC\inbox\14L_agent_performance_feedback_loop_READY.py,14L_agent_performance_feedback_loop_READY.py
14,L,14L_,D:\MAGIC\inbox\14L_llm_choice_rebalancer_READY.py,14L_llm_choice_rebalancer_READY.py
14,M,14M_,D:\MAGIC\inbox\14M_weekly_decision_digest_generator_READY.py,14M_weekly_decision_digest_generator_READY.py
14,M,14M_,D:\MAGIC\inbox\14M_human_override_portal_READY.py,14M_human_override_portal_READY.py
14,M,14M_,D:\MAGIC\inbox\14M_internal_qa_checklist_validator_READY.py,14M_internal_qa_checklist_validator_READY.py
15,A,15A_,D:\MAGIC\inbox\15A_trending_topic_monitor_READY.py,15A_trending_topic_monitor_READY.py
15,A,15A_,D:\MAGIC\inbox\15A_breaking_news_detector_READY.py,15A_breaking_news_detector_READY.py
15,A,15A_,D:\MAGIC\inbox\15A_trend_webhook_listener_READY.py,15A_trend_webhook_listener_READY.py
15,A,15A_,D:\MAGIC\inbox\15A_hashtag_surge_tracker_READY.py,15A_hashtag_surge_tracker_READY.py
15,A,15A_,D:\MAGIC\inbox\15A_ai_trend_signal_amplifier_READY.py,15A_ai_trend_signal_amplifier_READY.py
15,B,15B_,D:\MAGIC\inbox\15B_emergency_publish_override_READY.py,15B_emergency_publish_override_READY.py
15,B,15B_,D:\MAGIC\inbox\15B_social_listening_api_bridge_READY.py,15B_social_listening_api_bridge_READY.py
15,B,15B_,D:\MAGIC\inbox\15B_live_response_content_agent_READY.py,15B_live_response_content_agent_READY.py
15,B,15B_,D:\MAGIC\inbox\15B_auto_tag_real_time_trends_READY.py,15B_auto_tag_real_time_trends_READY.py
15,B,15B_,D:\MAGIC\inbox\15B_peak_engagement_prediction_READY.py,15B_peak_engagement_prediction_READY.py
15,C,15C_,D:\MAGIC\inbox\15C_cross_platform_trend_aligner_READY.py,15C_cross_platform_trend_aligner_READY.py
15,C,15C_,D:\MAGIC\inbox\15C_latency_aware_response_tuner_READY.py,15C_latency_aware_response_tuner_READY.py
15,C,15C_,D:\MAGIC\inbox\15C_real_time_throttling_controller_READY.py,15C_real_time_throttling_controller_READY.py
15,C,15C_,D:\MAGIC\inbox\15C_reactive_thumbnail_generator_READY.py,15C_reactive_thumbnail_generator_READY.py
15,C,15C_,D:\MAGIC\inbox\15C_multi_agent_conflict_resolver_READY.py,15C_multi_agent_conflict_resolver_READY.py
15,D,15D_,D:\MAGIC\inbox\15D_real_time_voiceover_generator_READY.py,15D_real_time_voiceover_generator_READY.py
15,D,15D_,D:\MAGIC\inbox\15D_trend_based_music_selector_READY.py,15D_trend_based_music_selector_READY.py
15,D,15D_,D:\MAGIC\inbox\15D_trend_thumbnail_captioner_READY.py,15D_trend_thumbnail_captioner_READY.py
15,D,15D_,D:\MAGIC\inbox\15D_instant_meme_generator_READY.py,15D_instant_meme_generator_READY.py
15,D,15D_,D:\MAGIC\inbox\15D_platform_specific_formatter_READY.py,15D_platform_specific_formatter_READY.py
15,E,15E_,D:\MAGIC\inbox\15E_human_moderator_notification_READY.py,15E_human_moderator_notification_READY.py
15,E,15E_,D:\MAGIC\inbox\15E_one_click_approve_publish_gui_READY.py,15E_one_click_approve_publish_gui_READY.py
15,E,15E_,D:\MAGIC\inbox\15E_trend_content_pause_resume_READY.py,15E_trend_content_pause_resume_READY.py
15,E,15E_,D:\MAGIC\inbox\15E_explainable_ai_justification_log_READY.py,15E_explainable_ai_justification_log_READY.py
15,E,15E_,D:\MAGIC\inbox\15E_multi_language_live_responder_READY.py,15E_multi_language_live_responder_READY.py
15,F,15F_,D:\MAGIC\inbox\15F_multi_trend_priority_arbiter_READY.py,15F_multi_trend_priority_arbiter_READY.py
15,F,15F_,D:\MAGIC\inbox\15F_contradictory_signal_suppressor_READY.py,15F_contradictory_signal_suppressor_READY.py
15,F,15F_,D:\MAGIC\inbox\15F_external_authority_override_READY.py,15F_external_authority_override_READY.py
15,F,15F_,D:\MAGIC\inbox\15F_trend_sentiment_reconciler_READY.py,15F_trend_sentiment_reconciler_READY.py
15,F,15F_,D:\MAGIC\inbox\15F_trend_vote_weighting_system_READY.py,15F_trend_vote_weighting_system_READY.py
15,G,15G_,D:\MAGIC\inbox\15G_real_time_engagement_delta_tracker_READY.py,15G_real_time_engagement_delta_tracker_READY.py
15,G,15G_,D:\MAGIC\inbox\15G_post_trend_deactivation_signaler_READY.py,15G_post_trend_deactivation_signaler_READY.py
15,G,15G_,D:\MAGIC\inbox\15G_performance_based_self_retuner_READY.py,15G_performance_based_self_retuner_READY.py
15,G,15G_,D:\MAGIC\inbox\15G_negative_feedback_blocker_READY.py,15G_negative_feedback_blocker_READY.py
15,G,15G_,D:\MAGIC\inbox\15G_real_time_a_b_variation_switcher_READY.py,15G_real_time_a_b_variation_switcher_READY.py
15,H,15H_,D:\MAGIC\inbox\15H_platform_priority_queue_manager_READY.py,15H_platform_priority_queue_manager_READY.py
15,H,15H_,D:\MAGIC\inbox\15H_real_time_multi_platform_scheduler_READY.py,15H_real_time_multi_platform_scheduler_READY.py
15,H,15H_,D:\MAGIC\inbox\15H_trend_repurposer_across_formats_READY.py,15H_trend_repurposer_across_formats_READY.py
15,H,15H_,D:\MAGIC\inbox\15H_api_quota_aware_throttler_READY.py,15H_api_quota_aware_throttler_READY.py
15,H,15H_,D:\MAGIC\inbox\15H_time_zone_aware_trend_replication_READY.py,15H_time_zone_aware_trend_replication_READY.py
15,I,15I_,D:\MAGIC\inbox\15I_trend_confirmation_ui_READY.py,15I_trend_confirmation_ui_READY.py
15,I,15I_,D:\MAGIC\inbox\15I_annotated_feedback_dashboard_READY.py,15I_annotated_feedback_dashboard_READY.py
15,I,15I_,D:\MAGIC\inbox\15I_reviewer_load_balancer_READY.py,15I_reviewer_load_balancer_READY.py
15,I,15I_,D:\MAGIC\inbox\15I_escalation_alert_system_READY.py,15I_escalation_alert_system_READY.py
15,I,15I_,D:\MAGIC\inbox\15I_override_reason_logger_READY.py,15I_override_reason_logger_READY.py
15,J,15J_,D:\MAGIC\inbox\15J_trend_recall_training_engine_READY.py,15J_trend_recall_training_engine_READY.py
15,J,15J_,D:\MAGIC\inbox\15J_post_failure_root_cause_analyzer_READY.py,15J_post_failure_root_cause_analyzer_READY.py
15,J,15J_,D:\MAGIC\inbox\15J_feedback_informed_decision_tuning_READY.py,15J_feedback_informed_decision_tuning_READY.py
15,J,15J_,D:\MAGIC\inbox\15J_reinforcement_learning_trigger_agent_READY.py,15J_reinforcement_learning_trigger_agent_READY.py
15,J,15J_,D:\MAGIC\inbox\15J_community_reaction_comparator_READY.py,15J_community_reaction_comparator_READY.py
16,A,16A_,D:\MAGIC\inbox\16A_comment_sentiment_tracker_READY.py,16A_comment_sentiment_tracker_READY.py
16,A,16A_,D:\MAGIC\inbox\16A_comment_alert_pusher_READY.py,16A_comment_alert_pusher_READY.py
16,A,16A_,D:\MAGIC\inbox\16A_faq_extractor_from_comments_READY.py,16A_faq_extractor_from_comments_READY.py
16,B,16B_,D:\MAGIC\inbox\16B_auto_dm_responder_READY.py,16B_auto_dm_responder_READY.py
16,B,16B_,D:\MAGIC\inbox\16B_warm_lead_tagger_READY.py,16B_warm_lead_tagger_READY.py
16,B,16B_,D:\MAGIC\inbox\16B_loyalty_point_tracker_READY.py,16B_loyalty_point_tracker_READY.py
16,C,16C_,D:\MAGIC\inbox\16C_giveaway_trigger_READY.py,16C_giveaway_trigger_READY.py
16,C,16C_,D:\MAGIC\inbox\16C_tiered_access_gater_READY.py,16C_tiered_access_gater_READY.py
16,C,16C_,D:\MAGIC\inbox\16C_community_drop_announcer_READY.py,16C_community_drop_announcer_READY.py
16,D,16D_,D:\MAGIC\inbox\16D_public_thank_you_generator_READY.py,16D_public_thank_you_generator_READY.py
16,D,16D_,D:\MAGIC\inbox\16D_engagement_leaderboard_READY.py,16D_engagement_leaderboard_READY.py
16,D,16D_,D:\MAGIC\inbox\16D_fan_feedback_collector_READY.py,16D_fan_feedback_collector_READY.py
16,E,16E_,D:\MAGIC\inbox\16E_engagement_funnel_visualizer_READY.py,16E_engagement_funnel_visualizer_READY.py
16,E,16E_,D:\MAGIC\inbox\16E_retention_heatmap_READY.py,16E_retention_heatmap_READY.py
16,E,16E_,D:\MAGIC\inbox\16E_sentiment_over_time_chart_READY.py,16E_sentiment_over_time_chart_READY.py
17,A,17A_,D:\MAGIC\inbox\17A_api_failover_router_READY.py,17A_api_failover_router_READY.py
17,A,17A_,D:\MAGIC\inbox\17A_scraping_fallback_engine_READY.py,17A_scraping_fallback_engine_READY.py
17,A,17A_,D:\MAGIC\inbox\17A_retry_queue_manager_READY.py,17A_retry_queue_manager_READY.py
17,A,17A_,D:\MAGIC\inbox\17A_platform_status_watchdog_READY.py,17A_platform_status_watchdog_READY.py
17,B,17B_,D:\MAGIC\inbox\17B_black_swan_event_detector_READY.py,17B_black_swan_event_detector_READY.py
17,B,17B_,D:\MAGIC\inbox\17B_emergency_shutdown_switch_READY.py,17B_emergency_shutdown_switch_READY.py
17,B,17B_,D:\MAGIC\inbox\17B_auto_pr_crisis_manager_READY.py,17B_auto_pr_crisis_manager_READY.py
17,B,17B_,D:\MAGIC\inbox\17B_creator_blacklist_watch_READY.py,17B_creator_blacklist_watch_READY.py
17,C,17C_,D:\MAGIC\inbox\17C_automation_self_healing_layer_READY.py,17C_automation_self_healing_layer_READY.py
17,C,17C_,D:\MAGIC\inbox\17C_escalation_notifier_READY.py,17C_escalation_notifier_READY.py
17,C,17C_,D:\MAGIC\inbox\17C_diagnostic_snapshot_exporter_READY.py,17C_diagnostic_snapshot_exporter_READY.py
17,C,17C_,D:\MAGIC\inbox\17C_backup_configuration_sync_READY.py,17C_backup_configuration_sync_READY.py
17,D,17D_,D:\MAGIC\inbox\17D_copyright_takedown_watcher_READY.py,17D_copyright_takedown_watcher_READY.py
17,D,17D_,D:\MAGIC\inbox\17D_policy_violation_auto_flagger_READY.py,17D_policy_violation_auto_flagger_READY.py
17,D,17D_,D:\MAGIC\inbox\17D_age_restricted_content_filter_READY.py,17D_age_restricted_content_filter_READY.py
17,D,17D_,D:\MAGIC\inbox\17D_shadowban_detection_radar_READY.py,17D_shadowban_detection_radar_READY.py
17,E,17E_,D:\MAGIC\inbox\17E_local_drafts_backup_queue_READY.py,17E_local_drafts_backup_queue_READY.py
17,E,17E_,D:\MAGIC\inbox\17E_cold_backup_upload_agent_READY.py,17E_cold_backup_upload_agent_READY.py
17,E,17E_,D:\MAGIC\inbox\17E_sync_to_git_auto_recovery_logs_READY.py,17E_sync_to_git_auto_recovery_logs_READY.py
17,E,17E_,D:\MAGIC\inbox\17E_content_vault_checkpoint_manager_READY.py,17E_content_vault_checkpoint_manager_READY.py
18,A,18A_,D:\MAGIC\inbox\18A_rpm_data_manager_READY.py,18A_rpm_data_manager_READY.py
18,A,18A_,D:\MAGIC\inbox\18A_earnings_estimator_READY.py,18A_earnings_estimator_READY.py
18,A,18A_,D:\MAGIC\inbox\18A_uncertainty_visualizer_READY.py,18A_uncertainty_visualizer_READY.py
18,A,18A_,D:\MAGIC\inbox\18A_cost_of_acquisition_estimator_READY.py,18A_cost_of_acquisition_estimator_READY.py
18,B,18B_,D:\MAGIC\inbox\18B_affiliate_program_directory_READY.py,18B_affiliate_program_directory_READY.py
18,B,18B_,D:\MAGIC\inbox\18B_trend_to_affiliate_matcher_READY.py,18B_trend_to_affiliate_matcher_READY.py
18,B,18B_,D:\MAGIC\inbox\18B_affiliate_link_auto_placer_READY.py,18B_affiliate_link_auto_placer_READY.py
18,B,18B_,D:\MAGIC\inbox\18B_affiliate_tracking_id_generator_READY.py,18B_affiliate_tracking_id_generator_READY.py
18,B,18B_,D:\MAGIC\inbox\18B_link_cloaking_bitly_integration_READY.py,18B_link_cloaking_bitly_integration_READY.py
18,B,18B_,D:\MAGIC\inbox\18B_link_level_revenue_mapping_READY.py,18B_link_level_revenue_mapping_READY.py
18,B,18B_,D:\MAGIC\inbox\18B_affiliate_click_tracking_READY.py,18B_affiliate_click_tracking_READY.py
18,C,18C_,D:\MAGIC\inbox\18C_sponsorship_opportunity_scanner_READY.py,18C_sponsorship_opportunity_scanner_READY.py
18,C,18C_,D:\MAGIC\inbox\18C_outreach_script_generator_READY.py,18C_outreach_script_generator_READY.py
18,C,18C_,D:\MAGIC\inbox\18C_licensing_deal_detector_READY.py,18C_licensing_deal_detector_READY.py
18,C,18C_,D:\MAGIC\inbox\18C_digital_product_generator_READY.py,18C_digital_product_generator_READY.py
18,C,18C_,D:\MAGIC\inbox\18C_auto_create_notion_template_READY.py,18C_auto_create_notion_template_READY.py
18,C,18C_,D:\MAGIC\inbox\18C_gumroad_exporter_READY.py,18C_gumroad_exporter_READY.py
18,C,18C_,D:\MAGIC\inbox\18C_giveaway_trigger_bot_READY.py,18C_giveaway_trigger_bot_READY.py
18,D,18D_,D:\MAGIC\inbox\18D_auto_legal_disclaimer_inserter_READY.py,18D_auto_legal_disclaimer_inserter_READY.py
18,D,18D_,D:\MAGIC\inbox\18D_sponsored_content_flagger_READY.py,18D_sponsored_content_flagger_READY.py
18,D,18D_,D:\MAGIC\inbox\18D_no_earnings_detector_READY.py,18D_no_earnings_detector_READY.py
18,E,18E_,D:\MAGIC\inbox\18E_roi_tracker_READY.py,18E_roi_tracker_READY.py
18,E,18E_,D:\MAGIC\inbox\18E_midas_roi_dashboard_READY.py,18E_midas_roi_dashboard_READY.py
18,E,18E_,D:\MAGIC\inbox\18E_notion_earnings_sync_READY.py,18E_notion_earnings_sync_READY.py
18,E,18E_,D:\MAGIC\inbox\18E_google_sheets_exporter_READY.py,18E_google_sheets_exporter_READY.py
18,E,18E_,D:\MAGIC\inbox\18E_profit_vs_cost_analyzer_READY.py,18E_profit_vs_cost_analyzer_READY.py
18,F,18F_,D:\MAGIC\inbox\18F_convertkit_funnel_linker_READY.py,18F_convertkit_funnel_linker_READY.py
18,F,18F_,D:\MAGIC\inbox\18F_crm_tag_syncer_READY.py,18F_crm_tag_syncer_READY.py
18,G,18G_,D:\MAGIC\inbox\18G_midas_controller_READY.py,18G_midas_controller_READY.py
18,G,18G_,D:\MAGIC\inbox\18G_pricing_recommender_ai_READY.py,18G_pricing_recommender_ai_READY.py
18,G,18G_,D:\MAGIC\inbox\18G_dynamic_profit_split_tracker_READY.py,18G_dynamic_profit_split_tracker_READY.py
18,G,18G_,D:\MAGIC\inbox\18G_dynamic_cta_tester_READY.py,18G_dynamic_cta_tester_READY.py
18,H,18H_,D:\MAGIC\inbox\18H_platform_rpm_benchmark_visualizer_READY.py,18H_platform_rpm_benchmark_visualizer_READY.py
18,H,18H_,D:\MAGIC\inbox\18H_platform_revenue_gap_finder_READY.py,18H_platform_revenue_gap_finder_READY.py
18,H,18H_,D:\MAGIC\inbox\18H_auto_platform_roi_rebalancer_READY.py,18H_auto_platform_roi_rebalancer_READY.py
18,I,18I_,D:\MAGIC\inbox\18I_split_test_affiliate_cta_generator_READY.py,18I_split_test_affiliate_cta_generator_READY.py
18,I,18I_,D:\MAGIC\inbox\18I_geo_based_offer_redirector_READY.py,18I_geo_based_offer_redirector_READY.py
18,I,18I_,D:\MAGIC\inbox\18I_conversion_optimizer_ai_READY.py,18I_conversion_optimizer_ai_READY.py
18,J,18J_,D:\MAGIC\inbox\18J_upload_product_to_gumroad_READY.py,18J_upload_product_to_gumroad_READY.py
18,J,18J_,D:\MAGIC\inbox\18J_upload_product_to_payhip_READY.py,18J_upload_product_to_payhip_READY.py
18,J,18J_,D:\MAGIC\inbox\18J_affiliate_product_cross_list_ai_READY.py,18J_affiliate_product_cross_list_ai_READY.py
18,K,18K_,D:\MAGIC\inbox\18K_upsell_chain_planner_READY.py,18K_upsell_chain_planner_READY.py
18,K,18K_,D:\MAGIC\inbox\18K_email_upsell_detector_READY.py,18K_email_upsell_detector_READY.py
18,K,18K_,D:\MAGIC\inbox\18K_post_purchase_offer_trigger_READY.py,18K_post_purchase_offer_trigger_READY.py
18,L,18L_,D:\MAGIC\inbox\18L_customer_ltv_estimator_READY.py,18L_customer_ltv_estimator_READY.py
18,L,18L_,D:\MAGIC\inbox\18L_forecasting_ai_30_90_180_days__READY.py,18L_forecasting_ai_30_90_180_days__READY.py
18,L,18L_,D:\MAGIC\inbox\18L_funnel_drop_off_analyzer_READY.py,18L_funnel_drop_off_analyzer_READY.py
18,M,18M_,D:\MAGIC\inbox\18M_zero_earnings_alert_system_READY.py,18M_zero_earnings_alert_system_READY.py
18,M,18M_,D:\MAGIC\inbox\18M_affiliate_link_failure_detector_READY.py,18M_affiliate_link_failure_detector_READY.py
18,M,18M_,D:\MAGIC\inbox\18M_sponsorship_offer_expiry_notifier_READY.py,18M_sponsorship_offer_expiry_notifier_READY.py
18,N,18N_,D:\MAGIC\inbox\18N_midas_summary_report_generator_READY.py,18N_midas_summary_report_generator_READY.py
18,N,18N_,D:\MAGIC\inbox\18N_monetization_audit_log_READY.py,18N_monetization_audit_log_READY.py
18,O,18O_,D:\MAGIC\inbox\18O_crm_lead_tag_syncer_READY.py,18O_crm_lead_tag_syncer_READY.py
18,O,18O_,D:\MAGIC\inbox\18O_crm_conversion_timeline_analyzer_READY.py,18O_crm_conversion_timeline_analyzer_READY.py
18,O,18O_,D:\MAGIC\inbox\18O_affiliate_journey_map_generator_READY.py,18O_affiliate_journey_map_generator_READY.py
18,P,18P_,D:\MAGIC\inbox\18P_title_based_rpm_adjuster_READY.py,18P_title_based_rpm_adjuster_READY.py
18,P,18P_,D:\MAGIC\inbox\18P_topic_earnings_multiplier_mapper_READY.py,18P_topic_earnings_multiplier_mapper_READY.py
18,P,18P_,D:\MAGIC\inbox\18P_format_specific_roi_splitter_READY.py,18P_format_specific_roi_splitter_READY.py
18,Q,18Q_,D:\MAGIC\inbox\18Q_sponsor_type_categorizer_READY.py,18Q_sponsor_type_categorizer_READY.py
18,Q,18Q_,D:\MAGIC\inbox\18Q_outreach_email_personalizer_READY.py,18Q_outreach_email_personalizer_READY.py
18,Q,18Q_,D:\MAGIC\inbox\18Q_sponsored_video_roi_tracker_READY.py,18Q_sponsored_video_roi_tracker_READY.py
18,R,18R_,D:\MAGIC\inbox\18R_link_redirect_manager_READY.py,18R_link_redirect_manager_READY.py
18,R,18R_,D:\MAGIC\inbox\18R_link_tracker_pixel_injector_READY.py,18R_link_tracker_pixel_injector_READY.py
18,R,18R_,D:\MAGIC\inbox\18R_affiliate_link_expiration_watcher_READY.py,18R_affiliate_link_expiration_watcher_READY.py
18,S,18S_,D:\MAGIC\inbox\18S_earnings_opportunity_predictor_READY.py,18S_earnings_opportunity_predictor_READY.py
18,S,18S_,D:\MAGIC\inbox\18S_dynamic_monetization_optimizer_READY.py,18S_dynamic_monetization_optimizer_READY.py
18,S,18S_,D:\MAGIC\inbox\18S_monetization_strength_scorer_READY.py,18S_monetization_strength_scorer_READY.py
18,T,18T_,D:\MAGIC\inbox\18T_scribe_midas_link_generator_READY.py,18T_scribe_midas_link_generator_READY.py
18,T,18T_,D:\MAGIC\inbox\18T_nexus_midas_auto_publish_planner_READY.py,18T_nexus_midas_auto_publish_planner_READY.py
18,T,18T_,D:\MAGIC\inbox\18T_zephyr_midas_trend_revenue_sync_READY.py,18T_zephyr_midas_trend_revenue_sync_READY.py
18,U,18U_,D:\MAGIC\inbox\18U_notion_revenue_syncer_READY.py,18U_notion_revenue_syncer_READY.py
18,U,18U_,D:\MAGIC\inbox\18U_notion_funnel_link_inserter_READY.py,18U_notion_funnel_link_inserter_READY.py
18,U,18U_,D:\MAGIC\inbox\18U_google_sheets_earnings_exporter_READY.py,18U_google_sheets_earnings_exporter_READY.py
18,U,18U_,D:\MAGIC\inbox\18U_notion_paywall_status_tracker_READY.py,18U_notion_paywall_status_tracker_READY.py
18,V,18V_,D:\MAGIC\inbox\18V_auto_legal_disclaimer_inserter_READY.py,18V_auto_legal_disclaimer_inserter_READY.py
18,V,18V_,D:\MAGIC\inbox\18V_sponsored_tag_auto_flagger_READY.py,18V_sponsored_tag_auto_flagger_READY.py
18,V,18V_,D:\MAGIC\inbox\18V_region_based_monetization_rules_READY.py,18V_region_based_monetization_rules_READY.py
18,V,18V_,D:\MAGIC\inbox\18V_revenue_split_compliance_checker_READY.py,18V_revenue_split_compliance_checker_READY.py
18,W,18W_,D:\MAGIC\inbox\18W_no_earnings_content_detector_READY.py,18W_no_earnings_content_detector_READY.py
18,W,18W_,D:\MAGIC\inbox\18W_shadowban_monetization_impact_watch_READY.py,18W_shadowban_monetization_impact_watch_READY.py
18,W,18W_,D:\MAGIC\inbox\18W_traffic_spike_monetization_trigger_READY.py,18W_traffic_spike_monetization_trigger_READY.py
18,X,18X_,D:\MAGIC\inbox\18X_content__product_recommendation_ai_READY.py,18X_content__product_recommendation_ai_READY.py
18,X,18X_,D:\MAGIC\inbox\18X_product__content_expansion_ai_READY.py,18X_product__content_expansion_ai_READY.py
18,X,18X_,D:\MAGIC\inbox\18X_funnel_stage_content_matcher_READY.py,18X_funnel_stage_content_matcher_READY.py
18,Y,18Y_,D:\MAGIC\inbox\18Y_cpm_optimized_upload_scheduler_READY.py,18Y_cpm_optimized_upload_scheduler_READY.py
18,Y,18Y_,D:\MAGIC\inbox\18Y_dynamic_platform_earnings_comparator_READY.py,18Y_dynamic_platform_earnings_comparator_READY.py
18,Y,18Y_,D:\MAGIC\inbox\18Y_seasonal_trend_monetization_mapper_READY.py,18Y_seasonal_trend_monetization_mapper_READY.py
18,Z,18Z_,D:\MAGIC\inbox\18Z_midas_controller_orchestrator_READY.py,18Z_midas_controller_orchestrator_READY.py
18,Z,18Z_,D:\MAGIC\inbox\18Z_midas_cli_tool_READY.py,18Z_midas_cli_tool_READY.py
18,Z,18Z_,D:\MAGIC\inbox\18Z_midas_watchdog_failsafe_READY.py,18Z_midas_watchdog_failsafe_READY.py
