date,keyword,platform,metric,author
2025-07-19T07:14:07Z,machine learning trading,YouTube,1,
2025-07-19T07:14:07Z,machine learning for beginners,YouTube,1,
2025-07-19T07:14:07Z,machine learning engineer,YouTube,1,
2025-07-19T07:14:07Z,machine learning course,YouTube,1,
2025-07-19T07:14:07Z,machine learning astro bot,YouTube,1,
2025-07-19T07:14:07Z,machine learning street talk,YouTube,1,
2025-07-19T07:14:07Z,machine learning full course,YouTube,1,
2025-07-19T07:14:07Z,machine learning explained,YouTube,1,
2025-07-19T07:14:07Z,machine learning python,YouTube,1,
2025-07-19T07:14:07Z,machine learning,YouTube,1,
2025-07-19T07:14:07Z,python course,YouTube,1,
2025-07-19T07:14:07Z,python efteling,YouTube,1,
2025-07-19T07:14:07Z,python funk,YouTube,1,
2025-07-19T07:14:07Z,python onride,YouTube,1,
2025-07-19T07:14:07Z,python efteling 360,YouTube,1,
2025-07-19T07:14:07Z,python efteling muziek,YouTube,1,
2025-07-19T07:14:07Z,python tutorial,YouTube,1,
2025-07-19T07:14:07Z,python phonk,YouTube,1,
2025-07-19T07:14:07Z,python in excel,YouTube,1,
2025-07-19T07:14:07Z,python crypto bot,YouTube,1,
2025-07-19T07:14:06Z,future remix 98,YouTube,1,
2025-07-19T07:14:06Z,future,YouTube,1,
2025-07-19T07:14:06Z,future rp,YouTube,1,
2025-07-19T07:14:06Z,future cup,YouTube,1,
2025-07-19T07:14:06Z,future rp highlights,YouTube,1,
2025-07-19T07:14:06Z,future type beat,YouTube,1,
2025-07-19T07:14:06Z,future 666,YouTube,1,
2025-07-19T07:14:06Z,future cup ajax,YouTube,1,
2025-07-19T07:14:06Z,future of finance,YouTube,1,
2025-07-19T07:14:06Z,future roleplay,YouTube,1,
2025-07-19T07:14:05Z,elon musk dancing,YouTube,1,
2025-07-19T07:14:05Z,elon musk rewind,YouTube,1,
2025-07-19T07:14:05Z,elon musk gaming,YouTube,1,
2025-07-19T07:14:05Z,elon musk robots,YouTube,1,
2025-07-19T07:14:05Z,elon musk son,YouTube,1,
2025-07-19T07:14:05Z,elon musk inauguration,YouTube,1,
2025-07-19T07:14:05Z,elon musk chainsaw,YouTube,1,
2025-07-19T07:14:05Z,elon musk speech,YouTube,1,
2025-07-19T07:14:05Z,elon musk,YouTube,1,
2025-07-19T07:14:05Z,elon,YouTube,1,
2025-07-19T07:14:04Z,chatgpt,YouTube,1,
2025-07-19T07:14:04Z,chatgpt agent review,YouTube,1,
2025-07-19T07:14:04Z,chatgpt nederlands,YouTube,1,
2025-07-19T07:14:04Z,chatgpt agent,YouTube,1,
2025-07-19T07:14:04Z,chatgpt image generator,YouTube,1,
2025-07-19T07:14:04Z,chatgpt 5,YouTube,1,
2025-07-19T07:14:04Z,chatgpt 4o,YouTube,1,
2025-07-19T07:14:04Z,chatgpt pro,YouTube,1,
2025-07-19T07:14:04Z,chatgpt prompts,YouTube,1,
2025-07-19T07:14:04Z,chatgpt tasks,YouTube,1,
2025-07-19T07:14:04Z,aisha,YouTube,1,
2025-07-19T07:14:04Z,ai,YouTube,1,
2025-07-19T07:14:04Z,airrack,YouTube,1,
2025-07-19T07:14:04Z,aile saadeti,YouTube,1,
2025-07-19T07:14:04Z,airsoft,YouTube,1,
2025-07-19T07:14:04Z,aiscream,YouTube,1,
2025-07-19T07:14:04Z,aitch,YouTube,1,
2025-07-19T07:14:04Z,air crash investigation,YouTube,1,
2025-07-19T07:14:04Z,air india crash,YouTube,1,
2025-07-19T07:14:04Z,airpods 4,YouTube,1,
2025-07-18T14:00:11Z,Garten of Banban 8: Anti Devil - Official Trailer,YouTube,794688,Euphoric Brothers
2025-07-18T12:00:05Z,Genshin Impact Version 5.8 Special Program #GenshinImpact #NewVersion #SpecialProgram,YouTube,1070593,Genshin Impact
2025-07-18T04:00:24Z,Alex Warren - Eternity (Official Audio),YouTube,428287,Alex Warren
2025-07-18T04:00:15Z,Monster High Fright Song ft. KATSEYE | Official Music Video | Monster High,YouTube,1499887,Monster High
2025-07-18T04:00:04Z,Yeat & BNYX® - IM YEAT (Real Lyfe Shit),YouTube,481079,Yeat Music
2025-07-18T02:04:38Z,Stephen Colbert Announces The Cancellation Of “The Late Show”,YouTube,3952568,The Late Show with Stephen Colbert
2025-07-17T16:05:00Z,Mortal Kombat II | Official Trailer,YouTube,8529828,Warner Bros.
2025-07-17T16:00:55Z,Tron: Ares | Official Trailer,YouTube,6816911,Disney
2025-07-17T04:36:43Z,Huda: Love Island Tell All (Full Episode),YouTube,5438951,Call Her Daddy
2025-07-16T14:00:00Z,Stranger Things 5 | Official Teaser | Netflix,YouTube,15146595,Netflix
